movie_id,rating,review_date
464052,7.0,2020-12-18T14:08:08.440Z
464052,8.0,2020-12-20T20:40:50.737Z
464052,,2020-12-23T15:36:37.849Z
464052,6.0,2020-12-27T03:24:01.005Z
464052,5.0,2020-12-28T19:39:40.194Z
464052,3.0,2021-01-05T15:09:43.598Z
464052,,2021-01-07T13:44:37.447Z
464052,,2021-01-18T20:36:36.046Z
464052,1.0,2021-01-20T01:49:06.495Z
464052,,2021-01-23T19:48:29.158Z
464052,,2021-04-09T13:20:21.304Z
464052,1.0,2021-04-12T06:24:26.695Z
464052,3.0,2022-03-14T14:37:59.413Z
464052,7.0,2022-07-26T08:38:21.061Z
464052,5.0,2023-01-14T06:23:42.954Z
464052,2.0,2024-09-02T19:45:41.003Z
508442,9.0,2020-12-14T22:04:13.276Z
508442,10.0,2020-12-25T23:04:19.032Z
508442,9.0,2020-12-29T23:45:27.459Z
508442,,2021-01-07T14:24:02.131Z
508442,7.0,2021-01-11T21:07:29.469Z
508442,7.0,2021-01-12T18:21:33.905Z
508442,9.0,2021-01-28T13:52:16.246Z
508442,7.0,2023-12-07T09:51:25.728Z
337401,4.0,2020-09-05T12:32:23.063Z
337401,5.0,2020-12-10T17:05:26.729Z
337401,10.0,2021-11-04T18:29:51.943Z
529203,6.0,2020-12-10T23:46:59.538Z
529203,7.0,2024-01-02T07:50:26.181Z
529203,7.0,2024-09-14T11:22:49.555Z
577922,6.0,2020-08-25T01:31:35.565Z
577922,8.0,2020-08-27T14:27:33.100Z
577922,9.0,2020-08-27T23:40:06.467Z
577922,10.0,2020-09-04T00:06:42.804Z
577922,2.0,2020-09-30T03:04:58.741Z
577922,10.0,2020-12-07T03:12:43.498Z
577922,6.0,2020-12-08T00:39:01.710Z
577922,,2020-12-08T04:09:53.653Z
577922,1.0,2020-12-26T16:48:58.066Z
577922,10.0,2021-01-04T04:03:44.867Z
577922,7.0,2021-02-08T15:15:12.865Z
577922,7.0,2021-08-13T13:37:19.767Z
577922,10.0,2022-01-15T19:49:06.927Z
577922,10.0,2022-02-26T20:24:38.172Z
577922,3.0,2022-07-07T00:14:20.908Z
577922,8.0,2023-03-23T05:05:09.755Z
577922,5.0,2023-10-14T12:55:16.997Z
577922,7.0,2024-11-12T01:32:13.212Z
454626,4.0,2020-03-01T17:53:45.083Z
454626,6.0,2020-03-27T01:46:15.323Z
454626,5.0,2020-04-05T15:21:09.180Z
454626,,2020-04-10T22:16:37.121Z
454626,8.0,2020-04-11T01:36:08.738Z
454626,7.0,2020-05-14T18:46:40.642Z
454626,3.0,2020-05-19T10:58:58.328Z
454626,6.0,2021-02-24T16:49:16.427Z
454626,10.0,2022-04-13T07:10:05.919Z
454626,6.0,2024-02-12T19:54:01.280Z
454626,6.0,2024-12-21T05:32:54.956Z
613504,3.0,2020-09-11T00:39:15.456Z
613504,1.0,2022-09-05T22:55:01.602Z
613504,6.0,2024-09-03T01:31:44.140Z
38700,4.0,2020-01-15T12:31:23.779Z
38700,5.0,2020-01-16T17:14:04.073Z
38700,9.0,2020-04-06T23:27:02.169Z
38700,5.0,2020-07-31T03:19:21.486Z
38700,,2021-10-24T09:48:05.174Z
38700,1.0,2023-01-11T00:30:07.967Z
38700,6.0,2023-04-22T17:43:48.003Z
587792,9.0,2020-07-03T18:03:10.275Z
587792,,2020-07-20T19:27:14.923Z
587792,8.0,2020-07-22T12:16:33.276Z
587792,7.0,2020-08-05T20:56:06.544Z
587792,6.0,2020-08-31T16:36:16.722Z
587792,9.0,2022-06-30T19:26:56.939Z
587792,,2024-08-19T11:29:33.520Z
446893,7.0,2020-05-19T05:45:18.939Z
446893,6.0,2024-07-06T13:26:50.631Z
446893,6.0,2025-02-26T18:40:53.479Z
524047,3.0,2020-09-29T10:45:10.207Z
524047,6.0,2021-02-04T02:41:37.761Z
524047,8.0,2021-03-09T15:34:20.493Z
524047,5.0,2021-04-15T14:21:53.787Z
514847,4.0,2020-03-27T22:28:39.699Z
514847,8.0,2020-04-07T15:38:20.163Z
514847,10.0,2020-04-13T15:41:18.543Z
514847,5.0,2020-05-19T12:58:52.774Z
514847,7.0,2020-06-11T21:43:01.602Z
514847,8.0,2020-06-21T16:33:28.122Z
514847,9.0,2020-12-12T01:55:37.787Z
514847,8.0,2022-12-04T04:19:02.283Z
514847,10.0,2023-01-12T00:26:01.658Z
522627,6.0,2019-12-27T05:49:24.410Z
522627,8.0,2020-01-14T03:24:59.244Z
522627,8.0,2020-02-27T16:00:02.438Z
522627,,2024-03-23T18:44:28.342Z
522627,,2024-10-21T12:50:20.234Z
400160,6.0,2020-11-07T06:23:33.726Z
531219,1.0,2020-10-30T10:50:11.026Z
531219,4.0,2020-10-31T08:18:04.403Z
531219,8.0,2020-12-17T06:57:28.160Z
531219,,2021-04-05T08:24:47.534Z
531219,8.0,2022-02-16T03:20:25.359Z
551804,6.0,2020-11-12T05:31:54.545Z
551804,7.0,2021-01-30T19:16:06.725Z
551804,6.0,2022-05-06T00:57:41.886Z
551804,5.0,2022-06-30T19:23:38.947Z
495764,6.0,2020-02-07T23:20:46.102Z
495764,,2020-02-15T18:56:37.020Z
495764,1.0,2020-03-09T18:07:14.874Z
495764,7.0,2020-03-27T01:47:31.782Z
495764,9.0,2020-03-27T22:03:29.342Z
495764,,2020-04-11T21:14:37.757Z
495764,7.0,2020-04-22T13:11:25.282Z
495764,8.0,2020-05-19T07:32:15.704Z
495764,5.0,2020-05-19T19:21:51.158Z
495764,,2020-06-17T23:29:20.730Z
495764,3.0,2020-08-06T10:39:38.984Z
495764,6.0,2020-09-01T19:28:17.909Z
495764,,2020-09-08T16:35:31.365Z
495764,6.0,2020-12-16T16:43:04.797Z
495764,5.0,2021-07-21T11:48:05.675Z
495764,4.0,2022-03-28T10:20:00.434Z
495764,9.0,2022-06-20T19:04:18.185Z
495764,7.0,2022-06-30T19:29:49.792Z
495764,8.0,2022-07-26T08:37:19.923Z
590223,7.0,2020-11-06T19:14:33.975Z
590223,7.0,2020-11-06T21:05:13.845Z
590223,7.0,2021-04-11T11:54:50.426Z
590223,7.0,2023-02-11T06:03:04.220Z
546121,8.0,2020-12-08T16:52:03.956Z
546121,8.0,2021-05-10T14:39:26.038Z
546121,,2025-04-16T15:25:37.882Z
508439,8.0,2020-03-02T16:38:29.168Z
508439,7.0,2020-03-04T06:27:14.170Z
508439,8.0,2020-03-13T02:19:26.798Z
508439,5.0,2020-03-27T01:48:08.841Z
508439,5.0,2020-06-21T14:48:30.162Z
508439,7.0,2020-09-09T17:21:26.316Z
508439,7.0,2023-06-10T07:39:57.622Z
600354,10.0,2021-02-24T15:35:49.471Z
600354,6.0,2021-03-09T15:33:51.917Z
600354,8.0,2021-03-18T07:39:16.797Z
600354,9.0,2022-02-25T03:22:32.006Z
600354,9.0,2022-02-26T20:02:11.616Z
600354,6.0,2022-09-10T03:04:06.046Z
600354,9.0,2022-10-31T14:01:54.475Z
600354,9.0,2023-02-17T14:04:53.629Z
481848,7.0,2020-03-13T18:11:24.703Z
481848,5.0,2020-04-20T00:22:35.857Z
481848,7.0,2022-03-29T07:14:30.244Z
481848,7.0,2022-04-04T09:38:02.177Z
481848,1.0,2022-08-28T01:56:13.096Z
481848,1.0,2025-03-06T06:11:16.846Z
570670,6.0,2020-02-25T07:05:04.724Z
570670,8.0,2020-03-03T14:32:23.263Z
570670,4.0,2020-03-14T03:42:46.486Z
570670,7.0,2020-03-27T01:48:28.543Z
570670,2.0,2020-03-30T12:46:51.985Z
570670,8.0,2020-04-13T16:36:45.130Z
570670,1.0,2020-05-02T23:30:08.834Z
570670,7.0,2020-06-06T23:05:10.866Z
570670,4.0,2020-07-05T00:13:47.304Z
570670,,2020-07-07T07:26:33.130Z
570670,8.0,2020-09-22T23:33:49.682Z
570670,8.0,2020-10-21T04:41:17.764Z
570670,8.0,2022-08-27T02:15:40.700Z
570670,7.0,2023-05-15T13:34:01.220Z
570670,5.0,2025-05-08T19:11:41.862Z
539885,,2020-09-11T10:38:33.843Z
539885,9.0,2020-09-26T01:13:28.981Z
539885,8.0,2020-12-12T01:33:52.288Z
539885,8.0,2020-12-12T01:35:31.770Z
539885,4.0,2021-03-02T01:15:01.090Z
539885,8.0,2021-09-30T21:22:27.471Z
723072,5.0,2022-08-25T22:09:52.908Z
582014,9.0,2020-12-16T03:25:24.451Z
582014,8.0,2021-04-06T17:55:28.802Z
582014,7.0,2021-04-21T00:05:51.346Z
582014,10.0,2021-09-03T23:43:35.769Z
582014,,2022-02-09T20:36:53.685Z
385103,3.0,2020-06-01T04:11:04.912Z
385103,4.0,2020-06-26T16:37:23.656Z
385103,7.0,2020-07-17T21:23:36.197Z
385103,5.0,2022-07-31T07:49:29.071Z
425001,7.0,2020-09-02T22:49:33.765Z
425001,6.0,2020-11-30T01:17:03.040Z
425001,4.0,2021-03-21T03:28:27.247Z
556678,8.0,2020-02-13T02:01:46.898Z
556678,5.0,2020-03-22T14:27:28.095Z
556678,6.0,2020-07-12T23:33:51.374Z
556678,10.0,2020-09-12T20:27:14.810Z
556678,,2020-10-17T19:36:36.702Z
556678,7.0,2024-06-18T12:03:51.498Z
556984,9.0,2020-10-15T16:01:43.965Z
556984,9.0,2020-10-30T11:44:19.945Z
556984,6.0,2020-12-26T16:51:04.451Z
556984,8.0,2021-03-13T01:59:08.020Z
338762,2.0,2020-03-27T01:48:45.031Z
338762,3.0,2020-04-02T14:01:57.320Z
338762,5.0,2020-07-26T07:08:27.576Z
338762,7.0,2020-10-04T17:59:17.715Z
338762,5.0,2022-08-25T22:24:29.712Z
338762,6.0,2023-05-02T15:15:33.885Z
340102,6.0,2020-08-31T11:36:31.643Z
340102,6.0,2020-09-05T05:14:28.519Z
340102,1.0,2020-11-16T18:02:04.768Z
340102,5.0,2020-11-18T05:43:03.587Z
340102,8.0,2021-06-13T18:58:09.008Z
625568,,2020-08-31T16:10:16.128Z
625568,5.0,2020-11-02T04:29:18.558Z
625568,6.0,2020-11-17T21:53:01.359Z
625568,6.0,2021-04-15T14:26:07.040Z
522241,8.0,2021-05-09T00:20:58.660Z
522241,8.0,2021-06-12T02:15:00.681Z
522241,9.0,2022-03-25T03:33:29.667Z
575417,6.0,2020-09-30T04:53:52.539Z
575417,6.0,2020-10-23T13:14:47.002Z
596161,7.0,2021-09-28T11:24:44.780Z
614911,7.0,2021-07-21T10:37:39.624Z
579583,9.0,2020-06-21T02:49:42.636Z
579583,6.0,2020-07-01T19:26:58.802Z
501979,,2020-08-31T15:57:24.541Z
501979,8.0,2020-09-03T05:08:59.175Z
501979,10.0,2020-09-17T14:14:51.524Z
526007,4.0,2020-06-19T14:50:00.262Z
526007,5.0,2023-02-23T02:50:06.061Z
590995,5.0,2020-10-29T10:35:35.304Z
590995,,2020-11-20T05:18:28.074Z
590995,1.0,2021-04-02T04:26:31.563Z
590995,5.0,2022-03-27T12:06:03.931Z
435615,8.0,2020-10-21T13:39:10.415Z
435615,7.0,2020-11-08T04:24:09.137Z
435615,8.0,2020-12-30T16:37:58.293Z
592834,5.0,2020-06-14T14:19:22.573Z
592834,,2020-06-22T21:40:22.609Z
592834,5.0,2020-08-31T16:34:50.179Z
592834,8.0,2020-09-19T18:40:20.971Z
592834,7.0,2023-02-11T03:29:25.367Z
520172,8.0,2020-11-30T15:51:15.536Z
520172,7.0,2020-12-15T07:39:37.257Z
520172,8.0,2022-12-21T01:53:33.836Z
585244,,2020-04-09T13:11:06.844Z
585244,5.0,2020-06-01T04:51:11.566Z
443791,6.0,2020-01-19T04:32:25.694Z
443791,7.0,2020-02-23T02:19:04.667Z
443791,1.0,2020-03-29T19:04:13.725Z
443791,7.0,2020-04-15T15:51:17.607Z
443791,6.0,2020-06-18T12:40:14.673Z
443791,10.0,2020-10-13T03:25:59.131Z
443791,8.0,2021-01-01T15:24:06.175Z
443791,8.0,2022-08-19T22:56:38.034Z
443791,6.0,2023-05-27T07:42:38.486Z
539537,1.0,2020-02-13T17:56:14.851Z
539537,3.0,2020-04-13T16:34:30.088Z
539537,6.0,2020-04-27T05:00:15.240Z
539537,5.0,2020-09-15T17:15:47.743Z
553604,6.0,2020-10-21T22:54:07.837Z
553604,6.0,2020-12-20T04:02:22.233Z
553604,5.0,2021-05-19T07:14:40.834Z
675327,6.0,2021-01-07T10:37:28.998Z
675327,5.0,2021-01-11T23:03:15.742Z
675327,6.0,2021-05-09T20:17:04.799Z
675327,8.0,2021-06-19T21:27:50.497Z
675327,9.0,2022-03-17T02:52:08.820Z
675327,5.0,2022-03-28T20:35:02.164Z
575776,8.0,2020-03-03T05:08:42.669Z
575776,9.0,2020-03-12T01:58:47.314Z
575776,8.0,2021-10-30T23:26:24.225Z
502033,10.0,2020-12-05T10:03:59.064Z
502033,9.0,2020-12-30T16:32:40.489Z
502033,9.0,2021-05-01T22:00:25.412Z
587496,5.0,2020-08-08T18:29:06.119Z
587496,5.0,2022-08-25T22:15:20.509Z
458576,2.0,2020-12-30T06:35:34.591Z
458576,9.0,2021-05-02T20:41:45.134Z
458576,6.0,2021-06-19T22:12:24.188Z
458576,,2022-04-19T05:32:51.734Z
474764,8.0,2020-05-09T21:09:02.604Z
474764,2.0,2020-05-26T00:02:31.476Z
474764,2.0,2020-06-16T09:29:17.163Z
474764,4.0,2020-10-13T03:33:56.772Z
614560,10.0,2020-11-20T03:40:21.787Z
614560,8.0,2020-11-29T17:33:52.168Z
614560,8.0,2021-02-26T05:24:01.897Z
614560,7.0,2023-07-17T03:36:04.785Z
614560,6.0,2023-07-17T12:02:28.145Z
448119,2.0,2020-04-09T17:35:53.291Z
448119,5.0,2020-12-10T16:34:10.614Z
448119,4.0,2020-12-27T18:00:58.322Z
542224,5.0,2020-02-21T18:48:50.328Z
718444,7.0,2021-01-01T16:35:37.825Z
627290,6.0,2020-09-22T19:52:21.499Z
627290,3.0,2020-09-30T04:59:42.029Z
627290,7.0,2020-10-05T17:35:32.430Z
627290,5.0,2020-10-22T04:40:13.658Z
627290,5.0,2020-10-22T04:41:01.174Z
441130,9.0,2020-12-07T19:25:42.179Z
441130,9.0,2021-02-02T02:09:53.624Z
457335,5.0,2020-02-23T09:24:39.015Z
457335,8.0,2020-04-28T14:48:39.079Z
457335,5.0,2020-06-10T12:53:14.107Z
457335,8.0,2020-12-12T01:14:24.950Z
548473,7.0,2019-11-11T00:43:12.759Z
548473,4.0,2019-11-20T00:59:05.266Z
548473,6.0,2020-02-15T20:25:44.086Z
548473,8.0,2020-03-20T13:09:21.951Z
548473,1.0,2021-05-02T05:35:39.328Z
548473,8.0,2021-10-25T19:31:41.428Z
548473,10.0,2022-12-16T03:43:29.755Z
548473,6.0,2024-03-23T05:43:48.494Z
529485,7.0,2020-03-31T16:18:37.850Z
529485,7.0,2022-08-28T02:42:47.396Z
549294,7.0,2021-01-17T02:02:43.066Z
549294,6.0,2021-02-04T00:51:43.878Z
549294,4.0,2025-03-14T18:04:47.842Z
492611,1.0,2020-04-26T15:26:37.933Z
492611,1.0,2020-09-02T07:18:42.479Z
492611,4.0,2020-12-16T16:34:24.564Z
539181,8.0,2020-07-28T23:40:52.327Z
539181,8.0,2020-11-17T18:53:41.821Z
581032,,2020-12-24T16:47:14.108Z
581032,3.0,2021-01-20T02:03:17.183Z
581032,9.0,2021-05-12T00:18:18.579Z
555974,,2020-02-24T06:37:59.650Z
555974,,2020-07-26T07:13:25.278Z
586461,9.0,2020-03-13T08:35:44.087Z
586461,6.0,2020-10-21T04:36:09.568Z
606234,7.0,2020-11-10T06:42:43.471Z
606234,7.0,2022-12-08T15:20:26.661Z
480857,5.0,2020-07-24T09:23:51.643Z
480857,4.0,2020-11-05T01:14:16.629Z
480857,6.0,2022-06-29T15:37:55.056Z
602211,4.0,2020-11-15T11:01:31.772Z
602211,7.0,2021-01-14T22:04:43.185Z
436969,8.0,2021-07-30T23:37:33.102Z
436969,7.0,2021-08-06T14:21:35.658Z
436969,,2021-08-13T22:06:22.841Z
436969,9.0,2021-08-17T10:59:48.656Z
436969,8.0,2021-08-29T12:55:16.583Z
436969,9.0,2021-09-05T10:09:34.228Z
436969,8.0,2021-09-07T18:22:29.451Z
436969,8.0,2021-10-06T12:26:04.431Z
436969,9.0,2021-12-27T13:43:25.993Z
436969,8.0,2022-05-22T14:30:07.585Z
436969,9.0,2022-06-30T19:30:45.444Z
436969,6.0,2022-08-31T18:00:26.710Z
436969,1.0,2022-09-03T16:46:19.270Z
436969,5.0,2022-09-21T23:19:00.026Z
436969,5.0,2022-09-21T23:22:22.202Z
436969,9.0,2023-02-11T05:54:27.203Z
436969,,2024-06-15T20:17:54.371Z
497698,,2021-06-29T16:07:43.200Z
497698,8.0,2021-07-08T18:23:00.947Z
497698,,2021-07-15T03:01:51.424Z
497698,10.0,2021-07-22T06:18:24.643Z
497698,2.0,2021-07-31T10:33:24.408Z
497698,8.0,2021-08-20T21:57:37.514Z
497698,,2021-09-09T03:16:53.429Z
497698,1.0,2021-09-21T15:44:25.614Z
497698,6.0,2021-10-06T12:11:48.151Z
497698,9.0,2022-01-22T03:57:43.822Z
497698,6.0,2022-10-21T20:07:29.550Z
497698,6.0,2023-01-08T17:52:57.738Z
497698,7.0,2023-04-30T20:14:38.289Z
497698,4.0,2023-07-25T10:30:51.934Z
634649,,2021-12-15T15:35:00.071Z
634649,9.0,2021-12-15T22:24:58.003Z
634649,10.0,2021-12-17T01:18:55.512Z
634649,8.0,2021-12-18T20:55:53.215Z
634649,9.0,2021-12-19T08:13:45.039Z
634649,10.0,2021-12-30T07:34:49.349Z
634649,10.0,2022-01-07T05:17:55.010Z
634649,10.0,2022-01-07T17:05:09.996Z
634649,8.0,2022-04-14T20:56:20.593Z
634649,5.0,2022-06-26T16:34:15.607Z
634649,9.0,2022-06-30T19:25:49.342Z
634649,10.0,2022-08-10T03:03:51.692Z
634649,10.0,2022-08-20T00:26:45.707Z
634649,1.0,2022-08-28T04:01:56.994Z
634649,10.0,2023-11-07T12:38:13.226Z
615457,6.0,2021-03-27T05:04:03.997Z
615457,7.0,2021-05-05T22:28:04.704Z
615457,6.0,2021-07-08T19:38:16.316Z
615457,6.0,2021-07-11T12:16:47.642Z
615457,5.0,2021-08-13T12:37:41.044Z
615457,7.0,2021-08-28T13:18:05.060Z
615457,8.0,2021-10-01T17:41:43.734Z
615457,7.0,2021-10-12T16:12:01.739Z
615457,8.0,2021-12-28T16:22:15.017Z
615457,8.0,2022-03-19T22:14:17.750Z
615457,9.0,2022-05-14T00:47:16.429Z
615457,8.0,2022-07-08T23:34:41.489Z
615457,7.0,2023-07-20T14:44:15.219Z
438631,10.0,2021-10-10T03:50:09.811Z
438631,1.0,2021-10-18T16:05:14.243Z
438631,6.0,2021-10-21T00:05:33.631Z
438631,,2021-10-21T14:04:59.187Z
438631,8.0,2021-10-22T21:13:27.576Z
438631,4.0,2021-10-27T21:31:05.180Z
438631,6.0,2021-11-07T01:59:33.313Z
438631,2.0,2021-11-15T23:30:52.817Z
438631,8.0,2022-01-07T22:53:41.500Z
438631,10.0,2022-01-30T09:50:05.425Z
438631,8.0,2022-02-26T20:31:13.130Z
438631,9.0,2022-07-15T17:57:01.104Z
438631,8.0,2022-08-19T23:16:05.343Z
438631,,2024-02-28T13:03:57.211Z
438631,8.0,2024-09-03T02:11:37.289Z
568124,,2021-11-15T18:00:27.577Z
568124,,2021-12-11T17:29:57.947Z
568124,8.0,2022-03-04T15:32:48.569Z
568124,8.0,2022-03-07T19:32:34.697Z
568124,,2022-06-16T16:15:16.032Z
370172,8.0,2021-10-02T15:21:23.647Z
370172,10.0,2021-10-03T02:33:01.830Z
370172,10.0,2022-01-07T16:47:20.299Z
370172,7.0,2022-01-26T19:42:20.469Z
370172,1.0,2023-01-11T08:18:11.106Z
370172,5.0,2023-01-21T20:49:15.644Z
370172,5.0,2023-04-18T04:24:03.850Z
370172,6.0,2024-11-23T12:22:22.229Z
337404,8.0,2021-05-26T15:07:13.281Z
337404,9.0,2021-06-10T06:23:38.279Z
337404,3.0,2021-07-08T19:19:28.996Z
337404,10.0,2021-07-21T11:43:14.607Z
337404,,2021-07-23T10:26:46.974Z
337404,9.0,2021-08-19T15:57:22.330Z
337404,5.0,2022-06-20T18:58:19.837Z
337404,6.0,2023-06-19T07:14:09.680Z
588228,,2021-07-01T19:34:19.699Z
588228,7.0,2021-07-06T17:35:20.721Z
588228,8.0,2021-07-11T19:57:00.010Z
588228,,2022-01-28T08:20:05.577Z
588228,8.0,2022-08-19T23:03:34.529Z
423108,6.0,2021-06-06T15:17:33.318Z
423108,7.0,2021-06-08T22:50:52.542Z
423108,6.0,2021-07-08T19:14:50.157Z
423108,7.0,2021-11-08T21:40:43.645Z
566525,,2021-08-23T16:35:16.352Z
566525,8.0,2021-09-03T16:53:41.944Z
566525,9.0,2021-09-28T06:47:24.287Z
566525,7.0,2021-12-16T06:41:10.529Z
566525,9.0,2022-01-16T10:00:15.617Z
566525,,2022-02-16T10:47:08.235Z
566525,7.0,2023-03-17T23:07:13.492Z
438695,,2021-12-02T16:01:35.405Z
524434,7.0,2021-11-08T15:54:42.887Z
524434,9.0,2021-12-03T21:43:10.640Z
524434,6.0,2021-12-19T08:14:52.658Z
524434,6.0,2022-01-22T07:51:08.728Z
524434,10.0,2022-01-22T19:57:09.379Z
524434,2.0,2022-01-28T15:51:23.840Z
524434,6.0,2022-03-28T10:18:48.057Z
524434,,2022-04-19T09:26:14.540Z
524434,1.0,2022-08-28T16:53:22.636Z
524434,5.0,2023-05-15T16:23:21.041Z
524434,,2023-09-25T05:13:15.484Z
637649,7.0,2021-05-06T21:57:02.367Z
637649,6.0,2021-05-29T17:17:20.432Z
637649,6.0,2021-06-01T01:56:16.900Z
637649,6.0,2021-06-29T13:20:42.659Z
637649,8.0,2021-07-08T19:17:36.302Z
637649,8.0,2021-07-10T18:37:01.365Z
637649,9.0,2021-07-23T11:47:39.212Z
637649,6.0,2021-08-13T12:51:36.072Z
637649,9.0,2021-12-31T11:09:54.638Z
508943,,2021-06-16T16:08:48.678Z
508943,7.0,2021-06-16T16:14:09.422Z
508943,7.0,2021-06-21T00:05:16.003Z
508943,5.0,2021-12-02T04:16:04.425Z
508943,7.0,2023-06-10T08:25:53.948Z
476669,,2021-12-14T18:56:27.237Z
476669,4.0,2022-06-27T15:44:35.197Z
476669,1.0,2022-08-28T05:43:33.254Z
476669,,2023-02-03T22:44:58.385Z
520763,,2021-05-25T14:33:30.129Z
520763,7.0,2021-06-02T18:03:35.925Z
520763,7.0,2021-07-04T13:50:36.274Z
520763,,2021-07-06T18:12:17.313Z
520763,7.0,2021-08-01T19:01:13.052Z
520763,8.0,2021-10-06T12:57:36.795Z
520763,8.0,2022-09-03T22:02:49.606Z
520763,6.0,2023-02-28T04:20:01.161Z
520763,7.0,2024-09-02T20:43:13.584Z
527774,,2021-03-01T17:10:51.977Z
527774,7.0,2021-03-01T17:13:07.315Z
527774,7.0,2021-03-08T02:20:27.149Z
527774,8.0,2021-03-09T15:44:16.569Z
527774,,2021-04-21T03:53:18.339Z
527774,8.0,2021-06-13T18:37:40.495Z
527774,8.0,2021-08-07T12:31:46.200Z
527774,8.0,2021-08-29T12:21:22.117Z
580489,,2021-09-30T13:48:10.279Z
580489,7.0,2021-10-16T00:40:23.907Z
580489,7.0,2021-11-10T04:55:35.832Z
580489,9.0,2021-11-17T08:28:40.190Z
580489,6.0,2021-12-14T22:03:45.696Z
580489,7.0,2021-12-29T20:13:44.313Z
580489,5.0,2022-02-16T12:04:17.772Z
580489,7.0,2022-03-15T02:13:41.744Z
580489,6.0,2022-03-27T12:33:00.825Z
580489,6.0,2022-07-26T08:19:10.004Z
460458,5.0,2022-07-16T16:56:26.003Z
460458,6.0,2022-08-27T18:17:33.776Z
460458,7.0,2023-08-15T12:52:06.150Z
550988,10.0,2021-08-13T21:55:39.781Z
550988,9.0,2021-08-25T17:55:44.406Z
550988,1.0,2021-09-24T11:20:22.960Z
550988,8.0,2021-10-16T00:49:48.227Z
550988,6.0,2021-12-14T21:16:51.702Z
550988,7.0,2023-01-21T20:48:36.463Z
550988,4.0,2023-02-14T15:05:05.214Z
550988,8.0,2023-03-05T21:58:17.848Z
624860,4.0,2021-12-24T14:38:29.709Z
624860,6.0,2022-01-14T15:53:48.360Z
624860,,2022-01-20T00:12:37.453Z
624860,2.0,2022-01-24T08:30:35.986Z
624860,5.0,2022-03-04T22:29:31.215Z
624860,6.0,2022-03-27T11:37:22.326Z
624860,5.0,2022-08-20T00:22:31.096Z
624860,4.0,2023-07-27T14:58:13.686Z
624860,8.0,2023-08-17T16:06:18.996Z
624860,2.0,2025-02-08T19:46:42.196Z
425909,,2021-11-16T14:48:33.030Z
425909,7.0,2022-02-08T04:35:20.291Z
425909,6.0,2022-02-16T11:26:05.182Z
425909,6.0,2022-03-28T20:32:38.210Z
425909,8.0,2022-04-17T09:09:50.453Z
425909,8.0,2022-07-26T08:16:11.532Z
425909,7.0,2024-02-08T01:05:52.587Z
630586,6.0,2021-02-27T19:45:42.967Z
630586,,2021-03-29T20:56:11.026Z
630586,8.0,2021-06-20T23:10:26.800Z
630586,1.0,2023-04-16T21:58:15.332Z
399566,8.0,2021-03-24T22:20:16.047Z
399566,7.0,2021-03-31T19:36:54.492Z
399566,8.0,2021-04-01T11:24:13.690Z
399566,6.0,2021-04-02T23:23:37.433Z
399566,5.0,2021-04-15T14:23:49.142Z
399566,10.0,2021-05-20T07:47:34.928Z
399566,7.0,2021-06-15T18:37:10.394Z
399566,8.0,2021-07-08T19:25:09.413Z
399566,8.0,2021-07-19T13:49:21.496Z
399566,9.0,2021-10-17T16:32:19.890Z
399566,1.0,2022-08-28T22:49:18.753Z
399566,10.0,2023-09-06T01:51:10.801Z
399566,5.0,2024-04-11T00:24:23.941Z
459151,3.0,2021-12-28T15:51:11.102Z
459151,6.0,2024-01-06T06:56:31.187Z
512195,3.0,2021-11-15T18:15:21.555Z
512195,4.0,2021-11-23T16:28:53.825Z
512195,,2022-04-20T09:08:13.250Z
512195,4.0,2022-07-16T16:42:21.690Z
512195,7.0,2022-10-12T14:53:23.988Z
379686,8.0,2021-07-17T23:51:45.881Z
379686,8.0,2021-07-20T12:59:15.210Z
379686,4.0,2022-03-28T10:02:20.637Z
379686,1.0,2022-10-25T06:14:27.166Z
646380,7.0,2021-12-21T16:42:39.201Z
646380,8.0,2021-12-29T13:17:16.252Z
646380,9.0,2022-01-11T15:22:53.647Z
646380,7.0,2022-03-28T10:47:13.047Z
513310,5.0,2021-03-08T02:03:11.392Z
513310,7.0,2021-08-08T11:45:45.752Z
513310,5.0,2022-08-28T01:59:33.569Z
513310,5.0,2023-11-06T13:33:44.668Z
460465,10.0,2021-04-12T05:39:44.021Z
460465,,2021-04-22T23:16:21.703Z
460465,6.0,2021-04-24T20:23:48.438Z
460465,7.0,2021-04-24T23:19:54.151Z
460465,5.0,2021-04-30T17:59:11.344Z
460465,10.0,2021-05-10T16:54:35.282Z
460465,6.0,2021-07-08T19:23:24.122Z
460465,5.0,2022-07-26T08:32:46.806Z
460465,1.0,2022-08-28T22:31:57.632Z
460465,1.0,2023-01-11T00:41:21.142Z
460465,6.0,2023-01-13T14:55:17.648Z
460465,,2025-01-07T12:40:17.270Z
451048,,2021-07-28T00:01:31.079Z
451048,8.0,2021-07-31T06:08:17.828Z
451048,7.0,2021-08-01T07:02:54.937Z
451048,8.0,2021-08-03T04:47:57.640Z
451048,10.0,2021-08-09T10:39:06.749Z
451048,,2021-08-20T08:11:44.415Z
451048,10.0,2021-09-25T21:45:31.783Z
451048,9.0,2021-10-17T18:28:49.884Z
451048,4.0,2022-06-20T18:36:31.272Z
451048,,2022-09-03T16:53:35.275Z
385128,8.0,2021-06-13T11:55:41.001Z
385128,,2021-06-21T21:20:58.346Z
385128,10.0,2021-06-26T14:37:42.706Z
385128,3.0,2021-06-27T18:13:31.965Z
385128,2.0,2021-07-30T15:37:50.941Z
385128,4.0,2021-08-04T09:13:20.328Z
385128,4.0,2021-08-29T12:56:33.568Z
385128,5.0,2021-09-16T20:46:49.409Z
385128,8.0,2021-12-20T16:35:13.445Z
385128,6.0,2022-03-27T18:53:20.676Z
385128,1.0,2022-09-03T16:50:43.343Z
631843,4.0,2021-08-25T17:45:00.424Z
631843,6.0,2021-09-26T06:24:52.368Z
631843,6.0,2022-03-27T18:48:19.245Z
631843,7.0,2022-05-07T10:13:44.806Z
631843,3.0,2022-06-30T19:24:15.346Z
631843,4.0,2024-09-10T02:59:38.927Z
550205,10.0,2021-06-16T13:29:02.420Z
744275,5.0,2022-03-27T11:39:51.409Z
744275,2.0,2024-09-03T01:32:33.581Z
591538,8.0,2022-01-17T21:02:24.651Z
591538,8.0,2022-02-16T03:06:16.802Z
591538,8.0,2022-08-30T02:44:11.263Z
617653,8.0,2021-10-29T19:02:18.724Z
617653,8.0,2022-01-25T18:29:26.733Z
617653,7.0,2022-03-27T12:32:20.957Z
617653,5.0,2024-01-23T13:19:03.980Z
617653,8.0,2025-01-14T01:30:45.094Z
585216,4.0,2025-01-18T21:19:43.423Z
568620,,2021-07-22T16:30:45.337Z
568620,3.0,2021-08-28T13:15:12.363Z
568620,5.0,2021-10-26T04:40:45.505Z
568620,4.0,2021-12-05T10:06:08.142Z
568620,5.0,2022-03-28T10:39:12.363Z
568620,3.0,2024-02-17T21:33:11.522Z
587807,4.0,2021-03-09T15:42:27.392Z
587807,4.0,2021-04-02T00:24:26.724Z
587807,4.0,2022-12-25T11:47:36.615Z
587807,1.0,2023-01-11T00:56:03.957Z
602734,3.0,2021-05-13T17:59:49.378Z
602734,4.0,2021-07-15T18:47:44.000Z
602734,5.0,2022-07-26T08:15:03.192Z
602734,4.0,2022-08-10T06:33:59.153Z
503736,8.0,2021-05-19T21:29:54.532Z
503736,6.0,2021-05-22T22:34:23.079Z
503736,8.0,2021-06-19T21:16:27.842Z
503736,6.0,2021-07-08T19:20:55.788Z
503736,4.0,2021-08-13T13:05:06.969Z
503736,1.0,2022-08-28T22:27:42.756Z
503736,7.0,2022-09-17T20:35:12.657Z
776503,9.0,2021-01-30T00:54:18.985Z
776503,9.0,2021-03-09T04:46:00.633Z
776503,8.0,2021-09-24T20:34:45.280Z
776503,6.0,2022-04-04T10:24:58.205Z
776503,8.0,2022-08-31T21:39:27.129Z
412656,,2021-03-03T17:11:02.602Z
412656,3.0,2021-03-03T17:42:12.118Z
412656,6.0,2021-05-15T20:26:17.225Z
412656,1.0,2022-09-05T06:29:42.708Z
412656,6.0,2023-10-22T23:56:59.577Z
542178,9.0,2021-11-03T20:15:40.920Z
542178,5.0,2021-11-14T13:27:53.032Z
542178,9.0,2022-03-04T22:41:11.814Z
542178,7.0,2022-03-27T11:32:02.055Z
542178,6.0,2022-06-20T18:59:30.757Z
542178,10.0,2022-08-24T23:46:00.770Z
796499,5.0,2021-12-26T22:57:58.608Z
602269,,2021-01-26T19:43:51.708Z
602269,,2021-01-30T22:03:01.665Z
602269,4.0,2021-02-07T05:52:08.588Z
602269,,2021-03-09T04:25:55.309Z
602269,4.0,2021-04-04T14:38:54.552Z
602269,3.0,2021-10-12T16:13:40.179Z
602269,6.0,2022-03-28T10:31:58.908Z
602269,6.0,2023-03-14T00:00:32.530Z
602269,,2023-11-05T09:04:30.290Z
602223,,2021-06-30T19:07:16.136Z
602223,6.0,2021-12-14T11:55:10.541Z
559907,8.0,2021-08-16T21:24:15.128Z
559907,6.0,2021-11-11T01:18:36.971Z
559907,8.0,2022-07-17T19:24:24.995Z
559907,1.0,2022-09-04T16:43:42.475Z
559907,8.0,2024-09-26T10:41:28.481Z
614917,9.0,2021-11-24T05:50:18.098Z
614917,9.0,2021-12-29T13:04:48.417Z
614917,6.0,2022-01-25T22:45:07.631Z
614917,9.0,2022-02-25T22:52:50.278Z
614917,9.0,2022-07-19T13:01:00.343Z
614917,8.0,2022-10-07T02:16:35.329Z
634528,,2021-01-12T15:50:43.446Z
634528,,2021-03-09T04:25:19.928Z
576845,7.0,2021-10-31T21:48:18.287Z
576845,7.0,2022-01-21T19:52:53.298Z
576845,2.0,2022-06-20T18:23:14.499Z
576845,9.0,2022-07-06T02:18:29.022Z
576845,5.0,2022-08-27T02:02:19.649Z
576845,8.0,2022-08-31T00:23:52.385Z
576845,8.0,2023-03-16T21:30:13.857Z
576845,10.0,2023-06-10T20:13:22.499Z
718032,,2021-12-20T15:54:44.579Z
718032,7.0,2022-01-18T12:54:35.432Z
718032,2.0,2022-06-20T18:51:56.371Z
718032,9.0,2022-07-24T19:19:52.072Z
718032,8.0,2025-02-01T16:28:38.089Z
619778,8.0,2021-09-14T16:53:32.696Z
619778,3.0,2021-09-18T23:31:52.043Z
619778,3.0,2021-09-29T15:53:46.114Z
619778,9.0,2021-11-09T16:37:48.294Z
619778,6.0,2021-12-09T23:32:17.531Z
619778,6.0,2022-06-30T19:27:48.344Z
619778,7.0,2023-10-04T17:25:48.079Z
619778,7.0,2024-02-12T19:50:18.265Z
597208,,2021-12-02T15:38:21.306Z
597208,7.0,2021-12-13T21:11:56.573Z
597208,10.0,2022-02-04T01:43:24.047Z
597208,5.0,2022-06-20T18:31:51.559Z
597208,7.0,2022-07-07T20:42:06.613Z
597208,3.0,2022-08-20T00:32:49.427Z
610253,4.0,2021-10-15T20:07:41.729Z
610253,1.0,2021-10-24T20:46:46.257Z
610253,4.0,2022-06-30T19:35:47.199Z
610253,7.0,2023-10-31T12:34:19.388Z
522931,,2021-06-09T17:24:32.088Z
522931,10.0,2021-07-10T06:10:09.624Z
522931,6.0,2021-07-15T16:29:17.569Z
522931,8.0,2021-08-22T19:26:28.538Z
522931,6.0,2022-05-07T02:11:34.656Z
578701,6.0,2021-05-16T03:23:11.731Z
578701,6.0,2021-05-20T18:54:47.845Z
578701,6.0,2021-07-06T20:04:25.785Z
578701,5.0,2021-10-12T16:10:34.829Z
585245,10.0,2021-10-29T21:04:27.251Z
585245,10.0,2021-11-22T20:26:07.174Z
585245,4.0,2021-12-15T22:19:18.029Z
617502,9.0,2021-09-25T17:11:14.900Z
617502,8.0,2021-12-01T17:53:16.539Z
635731,8.0,2021-07-15T16:32:41.978Z
635731,5.0,2021-07-28T16:52:20.638Z
635731,8.0,2021-07-29T15:30:49.647Z
635731,4.0,2021-08-21T13:38:31.734Z
635731,7.0,2022-03-28T10:04:18.222Z
635731,8.0,2022-05-05T00:30:16.243Z
635731,9.0,2022-07-12T03:22:49.616Z
635731,10.0,2022-09-14T13:33:43.985Z
511809,8.0,2022-01-13T05:41:31.197Z
511809,4.0,2022-03-14T06:12:36.602Z
511809,9.0,2022-06-20T18:31:00.608Z
511809,7.0,2024-06-03T04:47:35.313Z
522478,,2021-03-23T23:21:22.463Z
522478,6.0,2024-01-02T18:27:28.643Z
644495,5.0,2022-02-25T21:17:18.505Z
644495,7.0,2022-03-27T11:20:58.803Z
644495,,2022-05-05T00:38:28.265Z
644495,3.0,2022-06-20T18:26:53.579Z
644495,8.0,2023-02-24T03:20:58.607Z
644495,6.0,2023-02-26T00:40:53.449Z
516329,6.0,2021-11-10T17:47:18.180Z
516329,6.0,2022-03-27T11:14:59.904Z
516329,8.0,2022-07-11T14:23:58.841Z
516329,4.0,2023-02-01T18:09:24.737Z
516329,5.0,2023-02-19T06:22:35.008Z
583406,9.0,2021-02-02T20:06:32.797Z
583406,,2021-02-02T21:38:02.068Z
583406,9.0,2021-02-18T11:03:49.733Z
583406,5.0,2021-03-09T15:33:10.265Z
583406,7.0,2023-06-17T12:15:01.308Z
482373,7.0,2022-03-28T10:20:31.927Z
645788,7.0,2021-10-16T20:27:19.517Z
615643,8.0,2021-02-04T00:55:45.170Z
615643,,2021-03-09T04:24:07.860Z
581734,8.0,2021-01-09T02:50:13.171Z
581734,9.0,2021-02-08T04:29:21.418Z
581734,8.0,2021-02-28T19:25:15.072Z
581734,9.0,2021-05-01T00:30:10.342Z
644583,6.0,2021-02-17T19:08:38.791Z
644583,6.0,2021-03-09T15:36:42.972Z
644583,9.0,2022-02-26T19:49:48.249Z
644583,7.0,2022-03-27T18:23:51.654Z
646207,10.0,2021-11-10T20:21:32.078Z
646207,1.0,2022-01-15T02:42:39.774Z
579047,8.0,2021-10-17T02:34:12.807Z
579047,5.0,2021-11-05T19:30:57.139Z
579047,6.0,2021-11-06T17:34:51.707Z
579047,1.0,2022-09-04T04:54:12.051Z
597890,,2021-04-07T23:20:59.822Z
597890,2.0,2021-04-08T09:25:07.827Z
597890,4.0,2021-04-08T10:41:31.899Z
597890,8.0,2021-07-02T13:38:03.379Z
597890,1.0,2022-08-13T00:03:37.797Z
716612,6.0,2021-11-05T16:30:53.728Z
716612,8.0,2022-01-25T22:19:33.144Z
716612,4.0,2022-02-01T00:16:59.626Z
716612,7.0,2022-03-02T19:25:56.473Z
716612,6.0,2022-03-27T11:33:36.710Z
716612,8.0,2022-06-20T18:21:40.678Z
632357,1.0,2021-07-08T19:30:59.413Z
574060,7.0,2021-07-15T07:52:45.119Z
574060,8.0,2021-07-28T16:35:13.611Z
616651,5.0,2021-08-28T13:13:18.506Z
616651,7.0,2021-09-26T21:51:51.233Z
616651,9.0,2022-01-04T13:50:49.536Z
565028,5.0,2021-09-01T11:59:00.128Z
565028,6.0,2022-07-26T08:17:46.376Z
565028,6.0,2022-07-26T12:21:55.133Z
565028,6.0,2022-09-06T06:19:07.966Z
643586,8.0,2021-03-09T15:38:11.269Z
643586,4.0,2024-02-12T19:21:37.758Z
643586,4.0,2024-02-13T02:08:52.096Z
643586,8.0,2024-09-02T19:41:59.256Z
672741,7.0,2021-07-31T21:47:51.714Z
672741,8.0,2021-09-11T22:39:52.137Z
672741,5.0,2021-10-14T04:54:27.977Z
672741,1.0,2022-01-15T02:32:31.186Z
672741,6.0,2024-12-17T16:44:20.242Z
554230,8.0,2022-01-25T18:33:19.310Z
643532,5.0,2021-10-03T21:32:45.838Z
643532,4.0,2021-12-04T22:45:01.181Z
643532,7.0,2021-12-15T22:22:30.908Z
643532,6.0,2022-03-27T12:30:41.969Z
643532,1.0,2022-08-28T22:14:28.765Z
643532,8.0,2022-09-07T19:33:33.972Z
632617,10.0,2022-06-20T18:29:37.895Z
632617,9.0,2022-10-16T13:02:23.301Z
632617,8.0,2023-02-01T18:09:56.272Z
738652,7.0,2022-01-17T00:20:02.839Z
738652,6.0,2022-03-28T10:17:39.184Z
567797,6.0,2024-07-02T21:00:15.792Z
777270,4.0,2022-01-07T17:07:57.122Z
777270,8.0,2022-02-10T23:00:51.252Z
777270,8.0,2022-08-27T04:37:30.002Z
777270,10.0,2022-09-23T13:24:47.420Z
749274,10.0,2021-09-24T17:20:57.077Z
749274,7.0,2021-11-04T21:30:33.265Z
749274,7.0,2022-02-15T02:20:59.963Z
749274,4.0,2022-03-13T19:14:54.598Z
749274,4.0,2022-09-06T21:45:38.153Z
749274,7.0,2023-06-24T18:52:12.859Z
361743,9.0,2022-05-25T18:48:11.776Z
361743,9.0,2022-05-27T20:46:04.171Z
361743,5.0,2022-05-28T01:55:13.438Z
361743,7.0,2022-05-30T07:22:20.417Z
361743,6.0,2022-06-02T13:50:24.192Z
361743,,2022-06-06T18:17:18.351Z
361743,10.0,2022-06-20T12:00:15.969Z
361743,10.0,2022-06-30T23:46:35.105Z
361743,10.0,2022-08-17T06:09:31.075Z
361743,10.0,2022-08-20T00:27:47.422Z
361743,10.0,2022-08-25T15:14:41.556Z
361743,8.0,2022-09-03T22:28:03.557Z
361743,,2022-09-12T21:19:25.791Z
361743,,2022-11-04T03:54:09.095Z
361743,8.0,2022-11-25T05:17:32.781Z
361743,9.0,2023-01-06T21:27:18.398Z
361743,10.0,2023-01-16T19:00:52.831Z
361743,,2023-06-13T10:43:07.230Z
361743,,2024-06-25T09:50:06.348Z
361743,8.0,2024-11-12T01:10:36.365Z
756999,7.0,2022-06-25T06:24:38.927Z
756999,7.0,2022-06-26T23:13:53.642Z
756999,5.0,2022-06-27T13:27:03.951Z
756999,8.0,2022-07-05T13:50:18.078Z
756999,1.0,2022-07-24T09:10:39.351Z
756999,8.0,2022-08-14T07:06:21.556Z
756999,6.0,2022-08-18T21:15:59.061Z
756999,7.0,2022-08-19T23:19:06.113Z
756999,8.0,2022-08-25T04:58:13.994Z
76600,6.0,2022-12-16T06:48:15.541Z
76600,7.0,2022-12-17T09:51:34.972Z
76600,8.0,2022-12-17T21:59:01.040Z
76600,10.0,2022-12-19T06:28:23.198Z
76600,4.0,2022-12-21T00:40:36.825Z
76600,8.0,2022-12-22T11:58:59.038Z
76600,7.0,2022-12-24T04:46:47.345Z
76600,,2022-12-27T21:29:18.231Z
76600,,2023-01-06T21:22:27.215Z
76600,,2023-01-17T01:22:35.583Z
76600,10.0,2023-01-19T22:56:42.068Z
76600,6.0,2023-02-05T00:50:20.655Z
76600,4.0,2023-03-28T04:21:03.714Z
76600,9.0,2023-03-30T17:10:50.673Z
76600,,2023-06-21T09:45:41.126Z
76600,7.0,2023-07-26T16:53:49.944Z
76600,4.0,2024-01-02T18:29:16.228Z
76600,5.0,2024-08-17T07:43:29.409Z
453395,7.0,2022-05-04T00:56:17.709Z
453395,7.0,2022-05-06T21:57:58.027Z
453395,7.0,2022-05-29T14:22:26.864Z
453395,5.0,2022-06-29T09:23:55.531Z
453395,,2022-06-29T21:26:15.571Z
453395,8.0,2022-06-30T19:25:00.442Z
453395,,2022-07-14T11:20:20.653Z
453395,1.0,2022-07-14T17:09:25.916Z
453395,,2022-07-15T07:36:44.791Z
453395,7.0,2022-08-20T00:23:43.314Z
453395,,2022-09-12T21:20:25.209Z
453395,,2022-09-12T21:21:38.846Z
453395,9.0,2022-11-03T08:14:19.888Z
453395,1.0,2023-01-10T02:02:46.884Z
453395,6.0,2023-05-14T03:37:08.298Z
453395,7.0,2024-05-14T10:17:21.214Z
453395,5.0,2024-09-03T02:05:23.402Z
453395,5.0,2025-03-01T21:10:36.171Z
507086,6.0,2022-06-13T09:01:31.965Z
507086,3.0,2022-06-14T20:50:41.062Z
507086,4.0,2022-06-16T14:00:22.575Z
507086,7.0,2022-07-13T16:35:31.330Z
507086,6.0,2022-08-07T14:50:09.229Z
507086,7.0,2022-08-20T00:27:16.145Z
507086,2.0,2022-08-25T06:58:20.490Z
507086,4.0,2022-10-23T12:36:12.701Z
507086,6.0,2022-12-29T09:33:11.856Z
507086,5.0,2023-03-07T19:12:01.467Z
507086,4.0,2023-07-06T07:32:25.425Z
507086,1.0,2024-12-29T20:35:36.703Z
315162,9.0,2023-02-01T18:18:26.854Z
315162,10.0,2023-02-05T13:43:05.151Z
315162,7.0,2023-02-09T08:55:38.012Z
315162,10.0,2023-03-11T19:55:27.673Z
315162,8.0,2023-08-03T19:19:19.984Z
315162,9.0,2024-09-18T12:44:40.834Z
505642,7.0,2022-11-11T05:50:53.964Z
505642,7.0,2022-11-11T10:20:32.109Z
505642,6.0,2022-11-14T08:25:47.429Z
505642,7.0,2022-11-25T21:22:50.733Z
505642,,2022-12-16T13:46:55.267Z
505642,8.0,2023-01-05T16:56:56.269Z
505642,1.0,2023-02-12T13:47:18.985Z
505642,1.0,2023-03-11T19:46:37.188Z
505642,7.0,2023-04-13T10:56:55.050Z
505642,5.0,2023-04-30T17:02:41.134Z
505642,5.0,2023-04-30T17:07:12.721Z
505642,1.0,2023-05-30T16:27:07.808Z
505642,,2023-09-22T22:11:32.846Z
675353,7.0,2022-04-04T09:35:30.915Z
675353,7.0,2022-04-04T21:25:34.903Z
675353,8.0,2022-04-09T01:39:24.434Z
675353,3.0,2022-06-20T18:18:56.278Z
675353,8.0,2022-08-14T13:42:32.367Z
675353,,2022-09-12T21:22:25.368Z
675353,7.0,2023-01-02T02:29:03.549Z
675353,8.0,2024-02-12T19:54:47.676Z
616037,,2022-05-05T20:05:40.542Z
616037,,2022-06-24T09:00:59.842Z
616037,,2022-07-05T13:08:30.584Z
616037,7.0,2022-07-08T20:18:51.906Z
616037,7.0,2022-07-09T20:03:28.675Z
616037,5.0,2022-07-10T08:22:58.350Z
616037,6.0,2022-07-11T20:05:19.711Z
616037,6.0,2022-07-13T00:39:44.724Z
616037,,2022-07-31T17:44:25.153Z
616037,7.0,2022-08-19T23:27:32.517Z
616037,7.0,2022-08-24T15:31:23.057Z
616037,2.0,2022-09-09T14:51:14.073Z
616037,8.0,2022-09-15T11:02:01.534Z
616037,8.0,2022-09-16T12:53:10.005Z
616037,3.0,2023-01-29T10:00:33.590Z
985939,7.0,2022-09-01T23:49:58.044Z
985939,7.0,2022-09-02T07:01:29.569Z
985939,7.0,2022-09-04T09:46:37.610Z
985939,6.0,2022-09-04T22:23:30.470Z
985939,8.0,2022-09-12T17:43:39.153Z
985939,4.0,2022-09-14T05:54:55.748Z
985939,7.0,2022-10-10T05:37:03.960Z
985939,7.0,2022-10-21T11:50:05.528Z
985939,3.0,2023-05-16T16:11:56.812Z
536554,7.0,2023-01-06T21:29:26.274Z
536554,9.0,2023-01-12T00:37:14.726Z
536554,7.0,2023-01-15T20:52:13.669Z
536554,7.0,2023-01-21T20:50:00.589Z
536554,6.0,2023-01-23T14:07:32.324Z
536554,7.0,2023-05-27T08:22:30.863Z
536554,10.0,2024-08-24T15:32:13.433Z
536554,9.0,2025-02-09T04:46:34.975Z
536554,7.0,2025-03-06T18:00:45.002Z
414906,,2022-02-28T17:12:37.932Z
414906,8.0,2022-03-04T21:18:54.608Z
414906,9.0,2022-03-04T22:48:22.045Z
414906,5.0,2022-03-06T01:50:57.237Z
414906,10.0,2022-03-10T15:56:26.941Z
414906,10.0,2022-03-15T11:52:17.425Z
414906,9.0,2022-03-18T02:20:51.206Z
414906,8.0,2022-03-27T15:39:50.559Z
414906,10.0,2022-04-01T17:52:30.345Z
414906,6.0,2022-04-02T05:17:04.458Z
414906,6.0,2022-04-04T16:42:24.863Z
414906,8.0,2022-04-18T21:19:29.046Z
414906,7.0,2022-04-23T13:20:52.161Z
414906,8.0,2022-04-27T09:39:42.003Z
414906,10.0,2022-04-29T18:34:07.252Z
414906,,2022-04-29T23:37:04.585Z
414906,10.0,2022-06-30T19:36:28.614Z
414906,4.0,2022-08-14T13:11:41.626Z
414906,5.0,2022-08-27T04:00:14.031Z
414906,3.0,2022-08-27T20:00:02.284Z
545611,9.0,2022-04-23T11:05:12.473Z
545611,10.0,2022-05-17T16:23:35.242Z
545611,7.0,2022-05-29T15:17:31.398Z
545611,7.0,2022-06-02T04:41:08.868Z
545611,9.0,2022-08-11T21:25:29.689Z
545611,8.0,2022-08-19T23:05:04.080Z
545611,8.0,2022-08-27T21:02:24.220Z
545611,,2022-09-12T21:34:04.598Z
545611,1.0,2022-10-07T02:15:16.003Z
545611,8.0,2022-11-01T10:12:56.268Z
545611,8.0,2023-01-06T21:22:06.648Z
545611,8.0,2023-01-25T13:22:10.161Z
545611,5.0,2023-03-12T22:12:05.523Z
545611,7.0,2023-03-14T19:27:58.586Z
545611,4.0,2023-03-26T16:44:42.830Z
545611,6.0,2023-09-19T01:39:24.274Z
545611,5.0,2023-10-15T01:02:46.762Z
545611,10.0,2024-04-15T08:45:03.276Z
545611,4.0,2024-11-12T01:20:30.213Z
718930,7.0,2022-08-04T23:28:21.732Z
718930,6.0,2022-08-06T04:16:53.232Z
718930,,2022-08-06T15:24:31.724Z
718930,9.0,2022-08-09T10:28:46.968Z
718930,7.0,2022-08-15T10:10:56.994Z
718930,7.0,2022-09-28T20:06:23.164Z
718930,9.0,2022-10-18T02:36:40.411Z
718930,9.0,2022-12-21T09:56:24.587Z
718930,7.0,2023-01-01T17:46:39.654Z
718930,9.0,2023-04-23T06:47:49.029Z
882598,2.0,2022-09-29T04:05:24.726Z
882598,7.0,2022-10-14T18:06:31.034Z
882598,5.0,2022-10-21T08:53:57.843Z
882598,7.0,2022-10-26T11:48:21.808Z
882598,10.0,2022-11-25T19:29:43.515Z
882598,6.0,2023-01-09T04:25:23.837Z
882598,,2023-02-03T00:57:26.885Z
882598,10.0,2023-02-06T07:45:23.541Z
882598,7.0,2024-10-18T01:16:45.494Z
882598,6.0,2024-12-14T16:45:43.951Z
882598,8.0,2025-01-01T16:11:05.775Z
508947,,2022-03-07T14:06:46.684Z
508947,8.0,2022-03-07T15:31:08.470Z
508947,8.0,2022-03-11T14:44:50.977Z
508947,5.0,2022-03-20T00:50:02.378Z
508947,9.0,2022-03-20T21:04:07.947Z
508947,8.0,2022-03-27T16:27:16.078Z
508947,6.0,2022-04-04T10:00:34.832Z
508947,8.0,2022-07-10T10:37:04.881Z
508947,,2022-09-12T21:37:51.566Z
508947,7.0,2023-03-16T03:28:05.951Z
508947,6.0,2023-10-15T11:08:53.836Z
556694,7.0,2022-09-03T06:26:38.667Z
556694,7.0,2022-09-16T23:03:21.009Z
556694,5.0,2022-10-14T17:54:04.248Z
615777,5.0,2022-12-17T02:52:13.281Z
615777,9.0,2023-01-06T21:26:33.556Z
615777,7.0,2023-01-23T12:35:35.790Z
615777,6.0,2023-03-26T22:33:50.309Z
615777,6.0,2023-10-16T00:45:51.105Z
646385,,2022-01-14T00:17:09.937Z
646385,8.0,2022-01-18T17:31:48.410Z
646385,4.0,2022-01-29T16:12:14.327Z
646385,7.0,2022-03-10T16:02:09.849Z
646385,6.0,2022-04-08T19:01:43.178Z
646385,7.0,2022-06-30T19:35:11.400Z
646385,7.0,2022-07-26T08:12:25.570Z
646385,9.0,2022-08-20T00:36:18.952Z
646385,6.0,2022-08-28T05:31:52.060Z
585083,3.0,2022-01-22T22:22:58.480Z
585083,6.0,2024-01-10T02:12:52.527Z
593643,4.0,2022-10-23T13:19:46.443Z
593643,7.0,2022-11-21T09:23:09.435Z
593643,5.0,2022-11-22T15:01:01.477Z
593643,9.0,2022-11-25T21:24:40.073Z
593643,7.0,2023-01-04T23:28:34.553Z
593643,5.0,2023-01-06T19:58:46.310Z
593643,9.0,2023-01-09T21:44:47.621Z
593643,7.0,2023-01-12T22:33:11.592Z
593643,1.0,2023-01-14T00:04:04.245Z
593643,8.0,2023-01-26T08:32:48.871Z
593643,3.0,2023-04-12T09:41:27.473Z
593643,8.0,2024-08-15T17:00:17.694Z
593643,5.0,2024-10-01T13:16:45.961Z
593643,5.0,2024-10-03T09:51:15.202Z
593643,7.0,2025-02-16T00:52:28.687Z
436270,5.0,2022-10-19T15:58:22.495Z
436270,7.0,2022-10-22T15:27:07.309Z
436270,3.0,2022-10-23T03:17:59.235Z
436270,8.0,2022-10-23T04:48:53.283Z
436270,8.0,2022-10-24T02:11:46.746Z
436270,0.5,2022-10-24T07:08:55.360Z
436270,6.0,2022-10-25T07:08:10.692Z
436270,5.0,2022-10-25T15:29:45.668Z
436270,,2022-11-07T02:59:52.514Z
436270,10.0,2022-11-11T13:09:58.343Z
436270,7.0,2022-11-23T09:59:40.737Z
436270,4.0,2022-11-23T22:07:50.589Z
436270,6.0,2022-11-30T00:49:27.732Z
436270,1.0,2022-12-05T18:08:33.325Z
436270,2.0,2022-12-15T03:06:34.675Z
436270,,2022-12-16T05:21:12.226Z
436270,6.0,2022-12-25T07:39:50.713Z
436270,,2023-01-06T04:34:22.809Z
436270,10.0,2023-01-17T19:12:03.280Z
436270,,2023-02-08T18:44:30.410Z
949423,8.0,2022-10-14T17:59:30.923Z
949423,7.0,2022-11-22T11:05:32.389Z
949423,6.0,2023-03-23T15:33:58.944Z
949423,7.0,2023-04-23T06:25:34.989Z
949423,1.0,2024-09-02T18:58:58.979Z
949423,7.0,2025-02-16T21:36:06.705Z
949423,7.0,2025-04-08T20:52:15.159Z
760104,8.0,2022-03-25T17:35:36.926Z
760104,5.0,2022-04-04T14:25:55.484Z
760104,7.0,2022-09-18T06:51:45.068Z
760104,10.0,2022-10-14T17:57:33.885Z
760104,7.0,2023-04-23T06:25:20.618Z
760104,1.0,2024-09-02T18:58:19.001Z
760104,7.0,2025-01-05T01:42:12.897Z
760104,10.0,2025-04-08T00:57:47.176Z
629542,6.0,2022-04-04T09:46:48.187Z
629542,8.0,2022-04-15T15:47:15.557Z
629542,8.0,2022-04-23T14:03:36.317Z
629542,7.0,2022-07-24T00:06:17.800Z
629542,,2022-09-12T21:26:38.246Z
744276,5.0,2022-10-21T07:53:45.995Z
663712,6.0,2022-10-18T12:38:11.559Z
663712,,2023-02-03T00:56:22.888Z
663712,,2023-04-02T05:40:57.185Z
663712,5.0,2024-10-06T11:27:19.361Z
663712,7.0,2024-10-25T09:18:29.611Z
724495,7.0,2022-10-14T18:00:27.133Z
724495,7.0,2022-10-20T13:43:58.953Z
724495,8.0,2022-11-05T00:23:52.951Z
724495,6.0,2022-11-11T11:53:00.488Z
724495,8.0,2022-12-03T20:16:01.191Z
724495,,2022-12-14T23:11:05.342Z
724495,1.0,2023-04-09T22:05:30.530Z
438148,6.0,2022-07-04T05:48:42.396Z
438148,8.0,2022-07-17T09:49:53.446Z
438148,9.0,2022-08-15T11:35:14.480Z
438148,7.0,2022-08-19T23:01:37.699Z
438148,8.0,2023-05-07T00:45:42.035Z
762504,6.0,2022-08-15T09:42:11.700Z
762504,7.0,2022-08-19T13:27:13.971Z
762504,8.0,2022-08-19T23:13:04.321Z
762504,4.0,2022-08-28T22:46:00.071Z
762504,7.0,2022-09-07T07:26:25.444Z
762504,,2022-09-12T21:13:53.430Z
762504,8.0,2022-09-16T11:45:17.691Z
762504,1.0,2023-01-16T19:11:03.852Z
762504,8.0,2023-05-05T16:58:22.269Z
762504,4.0,2024-09-02T19:01:35.100Z
762504,6.0,2024-12-17T16:21:34.317Z
725201,4.0,2022-07-15T00:56:23.329Z
725201,7.0,2022-07-20T13:09:11.166Z
725201,5.0,2022-07-22T06:06:54.878Z
725201,5.0,2022-07-24T00:14:08.638Z
725201,4.0,2022-08-14T21:36:55.449Z
725201,6.0,2022-08-19T23:10:51.996Z
725201,7.0,2023-01-05T03:54:39.152Z
937278,7.0,2023-01-09T09:57:08.418Z
937278,7.0,2023-02-01T18:11:55.232Z
937278,7.0,2023-03-21T13:22:44.968Z
937278,5.0,2024-03-02T00:13:18.737Z
937278,8.0,2024-09-01T23:26:46.985Z
937278,,2024-12-11T05:13:38.684Z
338953,7.0,2022-04-12T23:11:32.502Z
338953,2.0,2022-04-21T00:25:16.218Z
338953,6.0,2022-05-12T16:28:56.537Z
338953,6.0,2022-06-01T03:54:29.105Z
338953,,2022-06-17T06:07:21.776Z
338953,4.0,2022-07-02T19:27:14.529Z
338953,2.0,2022-08-16T09:56:41.816Z
338953,,2022-09-12T21:23:52.779Z
335787,,2022-02-16T15:20:52.890Z
335787,4.0,2022-02-19T15:43:39.925Z
335787,5.0,2022-04-30T21:58:34.791Z
335787,7.0,2022-05-09T04:30:40.533Z
335787,7.0,2022-09-10T07:33:30.672Z
335787,,2022-09-12T21:40:09.147Z
335787,7.0,2022-10-14T17:50:40.835Z
335787,5.0,2023-01-14T07:06:58.056Z
661374,,2022-09-11T20:29:46.719Z
661374,8.0,2022-12-01T19:00:49.402Z
661374,7.0,2022-12-03T11:37:45.312Z
661374,7.0,2022-12-24T01:51:41.352Z
661374,8.0,2022-12-27T16:56:00.206Z
661374,9.0,2023-01-01T04:31:04.450Z
661374,8.0,2023-01-11T01:31:34.449Z
661374,1.0,2023-01-13T18:54:32.479Z
661374,4.5,2023-01-15T09:16:13.112Z
661374,8.0,2023-01-26T13:52:32.379Z
661374,7.0,2023-01-26T23:41:53.453Z
661374,4.0,2023-09-27T21:13:17.297Z
913290,9.0,2022-10-14T17:58:36.234Z
913290,4.0,2022-10-26T00:26:56.139Z
913290,6.0,2022-10-27T21:53:56.875Z
913290,8.0,2022-11-01T22:44:34.952Z
913290,6.0,2022-11-03T08:45:29.217Z
913290,10.0,2022-12-30T12:04:17.505Z
913290,7.0,2023-03-26T16:25:30.747Z
913290,8.0,2024-09-19T01:01:19.923Z
639933,7.0,2022-04-18T10:21:25.684Z
639933,9.0,2022-04-27T17:40:51.300Z
639933,8.0,2022-04-30T03:14:37.865Z
639933,3.0,2022-05-23T08:04:40.589Z
639933,1.0,2022-05-28T16:00:26.400Z
639933,6.0,2022-06-16T23:49:05.390Z
639933,9.0,2022-07-04T22:20:06.940Z
639933,1.0,2022-07-23T12:04:38.464Z
639933,9.0,2022-08-17T17:35:14.048Z
639933,3.0,2022-08-19T23:25:09.273Z
639933,7.0,2022-10-21T11:48:27.039Z
639933,7.0,2023-03-25T11:01:14.427Z
752623,7.0,2022-04-15T20:03:47.042Z
752623,6.0,2022-07-07T02:57:13.322Z
752623,6.0,2022-07-22T22:29:23.720Z
752623,,2022-09-12T21:31:04.786Z
752623,,2022-09-12T21:31:27.423Z
752623,6.0,2022-10-08T00:30:18.906Z
752623,1.0,2023-01-10T22:56:42.994Z
752623,7.0,2023-03-06T20:17:25.964Z
614934,7.0,2022-06-26T22:33:20.232Z
614934,5.0,2022-06-27T15:56:58.653Z
614934,,2022-07-31T22:43:25.158Z
614934,6.0,2022-08-19T23:26:07.983Z
614934,7.0,2022-09-24T00:25:32.508Z
614934,7.0,2022-10-14T17:55:53.298Z
614934,7.0,2022-11-27T14:13:22.070Z
614934,6.0,2023-02-23T17:54:12.654Z
614934,7.0,2023-09-10T20:31:29.191Z
965150,7.0,2022-10-26T09:29:20.714Z
965150,5.0,2023-01-07T02:06:01.797Z
965150,8.0,2023-02-09T03:46:24.878Z
965150,8.0,2023-12-30T05:07:12.017Z
965150,3.0,2024-07-27T20:19:06.891Z
785084,8.0,2022-10-15T18:43:19.092Z
785084,8.0,2023-02-01T18:13:57.073Z
785084,7.0,2023-02-09T11:29:10.110Z
785084,10.0,2023-02-13T16:24:29.087Z
785084,9.0,2023-03-19T02:29:30.754Z
785084,9.0,2023-03-26T11:14:37.758Z
785084,9.0,2023-04-23T06:41:14.611Z
785084,7.0,2023-04-25T22:42:34.017Z
526896,3.0,2022-03-31T17:40:49.699Z
526896,6.0,2022-04-04T09:29:44.426Z
526896,5.0,2022-04-08T22:41:19.078Z
526896,6.0,2022-04-19T13:05:24.698Z
526896,1.0,2022-05-16T14:01:13.135Z
526896,8.0,2022-07-24T00:36:57.649Z
526896,8.0,2022-08-16T18:27:15.106Z
526896,5.0,2022-08-20T00:23:06.751Z
526896,8.0,2023-07-19T17:59:04.975Z
804095,6.0,2023-01-06T22:37:20.388Z
804095,8.0,2023-02-03T11:55:57.419Z
804095,7.0,2023-02-09T18:05:42.999Z
804095,6.0,2023-02-16T00:24:35.917Z
763285,5.0,2022-03-28T08:33:07.832Z
763285,4.0,2022-04-18T00:29:24.956Z
763285,6.0,2022-04-26T23:00:30.266Z
763285,4.0,2022-06-11T18:20:05.670Z
763285,7.0,2022-08-19T23:16:45.764Z
763285,6.0,2022-08-22T17:16:59.293Z
763285,,2022-09-12T21:27:39.826Z
763285,3.0,2022-09-18T08:33:57.595Z
505026,,2022-02-07T14:05:10.942Z
505026,4.0,2022-02-10T16:03:14.236Z
505026,4.0,2022-02-12T19:12:26.387Z
505026,6.0,2022-03-28T18:40:28.765Z
505026,5.0,2022-04-03T21:08:11.767Z
505026,4.0,2022-06-19T19:29:36.275Z
505026,5.0,2022-08-20T00:29:08.432Z
505026,1.0,2022-08-27T06:39:49.354Z
505026,,2022-09-12T21:42:53.163Z
619730,6.0,2022-09-26T07:51:08.654Z
619730,9.0,2022-10-11T19:19:01.690Z
619730,7.0,2022-10-14T18:04:17.410Z
619730,6.0,2022-10-16T09:56:15.543Z
619730,6.0,2022-10-28T05:07:18.237Z
619730,8.0,2023-01-20T14:06:38.134Z
619730,4.0,2023-04-23T06:35:11.579Z
818397,3.0,2022-04-30T04:14:17.762Z
818397,5.0,2023-03-24T22:24:44.008Z
406759,3.0,2022-02-05T02:27:03.725Z
406759,9.0,2022-02-09T11:10:03.254Z
406759,6.0,2022-02-18T00:16:34.839Z
406759,2.0,2022-07-23T16:38:07.370Z
406759,,2022-09-12T21:43:39.343Z
406759,7.0,2023-02-13T14:20:38.409Z
406759,6.0,2024-01-04T20:03:51.529Z
682507,8.0,2022-07-16T14:57:32.259Z
682507,7.0,2022-07-28T19:54:13.972Z
682507,7.0,2022-08-02T13:58:42.109Z
682507,7.0,2022-08-05T10:01:11.234Z
682507,7.0,2022-09-04T23:01:03.681Z
682507,6.0,2022-11-01T03:41:19.666Z
682507,8.0,2023-08-20T18:27:24.154Z
682507,9.0,2024-08-10T19:38:47.864Z
682507,7.0,2024-09-02T20:10:12.063Z
682507,8.0,2025-01-01T22:23:19.301Z
760741,5.0,2022-08-27T21:55:21.506Z
760741,7.0,2022-09-04T23:00:04.326Z
760741,6.0,2022-09-09T04:58:08.777Z
760741,1.0,2022-09-13T21:10:02.320Z
760741,2.0,2022-09-23T07:07:57.434Z
760741,7.0,2022-10-14T17:51:49.875Z
760741,6.0,2023-05-10T00:17:54.345Z
420821,5.0,2022-05-22T14:33:43.172Z
420821,2.0,2022-05-25T19:55:43.195Z
420821,,2022-05-31T05:44:25.310Z
420821,,2022-09-12T21:17:37.957Z
420821,6.0,2022-12-02T06:25:56.093Z
420821,6.0,2022-12-09T23:56:28.829Z
718789,,2022-06-13T21:30:44.577Z
718789,7.0,2022-06-17T02:00:50.622Z
718789,3.0,2022-06-17T20:49:56.811Z
718789,7.0,2022-06-18T17:00:57.040Z
718789,6.0,2022-06-20T07:52:02.706Z
718789,8.0,2022-08-04T12:55:35.455Z
718789,6.0,2022-10-28T19:17:24.979Z
668482,7.0,2022-12-03T10:12:58.309Z
648579,8.0,2022-04-24T03:31:13.745Z
648579,7.0,2022-04-26T07:53:35.180Z
648579,8.0,2022-04-28T17:56:51.591Z
648579,,2022-09-07T07:24:51.972Z
648579,7.0,2022-11-12T16:54:25.476Z
648579,,2023-01-06T21:20:09.345Z
648579,7.0,2023-02-19T03:32:20.633Z
800939,6.0,2022-09-24T22:08:22.160Z
800939,6.0,2022-10-21T11:50:13.635Z
800939,7.0,2022-10-26T12:51:59.785Z
800939,7.0,2022-11-09T16:39:36.022Z
616820,4.0,2022-10-14T18:10:26.609Z
616820,5.0,2022-10-15T17:27:31.975Z
616820,4.0,2022-10-16T06:44:02.095Z
616820,8.0,2022-10-16T08:38:03.810Z
616820,6.0,2022-10-19T01:08:35.231Z
616820,5.0,2022-10-20T10:04:38.144Z
616820,2.0,2022-10-24T03:20:05.770Z
616820,7.0,2023-11-01T01:54:21.827Z
539681,6.0,2022-07-31T20:26:24.097Z
539681,7.0,2023-02-01T18:14:40.125Z
758009,5.0,2023-02-01T18:22:40.200Z
758009,6.0,2023-02-11T05:53:30.555Z
758009,6.0,2023-02-20T01:17:50.250Z
520023,6.0,2022-08-22T16:55:40.249Z
520023,,2022-09-12T21:29:14.056Z
520023,6.0,2022-09-13T09:56:53.962Z
520023,5.0,2022-09-24T04:28:07.211Z
520023,8.0,2025-02-11T00:56:49.827Z
628900,4.0,2022-03-24T13:53:45.661Z
628900,6.0,2022-05-28T21:16:18.179Z
628900,6.0,2022-06-02T14:43:31.374Z
674324,8.0,2022-10-23T13:21:10.772Z
674324,7.0,2022-10-24T10:32:27.973Z
674324,9.0,2023-01-06T21:22:49.122Z
674324,10.0,2023-02-22T02:09:57.732Z
674324,10.0,2023-04-23T06:32:20.592Z
674324,9.0,2024-08-05T00:54:34.124Z
823625,5.0,2022-09-22T23:21:54.991Z
823625,4.0,2025-01-20T06:28:21.370Z
497828,6.0,2022-11-03T08:30:07.553Z
497828,5.0,2022-11-28T19:02:34.595Z
497828,6.0,2023-01-08T00:45:04.247Z
497828,7.0,2023-02-08T17:49:23.851Z
497828,9.0,2023-04-23T06:25:52.040Z
497828,8.0,2024-08-27T14:10:47.612Z
615904,7.0,2022-02-26T19:00:42.474Z
615904,1.0,2022-08-28T06:29:39.022Z
615904,,2022-09-12T21:41:57.270Z
615904,6.0,2022-10-08T00:31:34.894Z
615904,6.0,2024-07-29T06:27:58.187Z
791177,10.0,2022-11-25T21:28:43.754Z
791177,7.0,2022-11-26T07:42:06.241Z
791177,7.0,2022-12-03T22:05:26.230Z
791177,9.0,2022-12-12T10:30:06.671Z
791177,8.0,2024-01-25T02:29:52.040Z
791177,8.0,2024-10-03T09:50:12.738Z
817758,7.0,2023-01-23T14:31:14.103Z
817758,6.0,2023-02-17T13:57:18.113Z
817758,5.0,2023-03-12T11:13:25.614Z
522016,6.0,2022-01-18T12:50:23.012Z
522016,5.0,2022-02-20T22:45:29.831Z
522016,5.0,2022-03-30T15:40:19.625Z
522016,,2022-04-10T21:02:38.134Z
522016,8.0,2022-07-23T14:31:19.054Z
522016,6.0,2022-11-23T23:11:48.896Z
653851,7.0,2022-11-29T08:16:17.564Z
653851,8.0,2023-02-01T18:08:44.165Z
653851,6.0,2023-02-13T08:21:16.916Z
653851,7.0,2023-02-21T01:10:44.291Z
877269,6.0,2022-11-23T21:14:08.649Z
877269,4.0,2022-12-11T11:18:26.801Z
877269,7.0,2023-01-06T21:19:27.567Z
877269,,2023-01-09T09:38:36.597Z
877269,8.0,2024-07-24T00:02:03.510Z
760161,5.0,2022-08-29T13:51:56.010Z
961484,6.0,2022-09-24T00:26:31.864Z
626735,6.0,2022-02-17T23:15:55.449Z
626735,7.0,2023-02-21T03:49:19.300Z
717728,4.0,2022-10-05T20:47:59.955Z
717728,3.0,2022-10-26T23:34:53.839Z
717728,7.0,2024-10-03T04:16:43.226Z
807356,6.0,2022-09-15T19:10:02.344Z
807356,7.0,2022-10-25T15:28:49.264Z
807356,7.0,2022-11-09T15:07:51.155Z
807356,7.0,2024-10-19T04:01:18.008Z
664469,,2022-10-04T18:41:50.765Z
664469,6.0,2022-10-06T04:26:47.458Z
664469,7.0,2022-10-14T18:07:30.459Z
664469,6.0,2022-10-20T11:01:21.308Z
830788,6.0,2022-08-29T04:08:45.326Z
830788,6.0,2022-09-17T06:03:36.804Z
830788,5.0,2022-10-14T17:56:41.573Z
676547,5.0,2022-10-30T23:27:01.586Z
676547,5.0,2022-10-30T23:27:04.703Z
676547,4.0,2023-01-15T23:06:10.133Z
676547,5.0,2023-01-16T04:08:46.146Z
780609,9.0,2022-05-22T00:52:46.441Z
780609,6.0,2022-06-04T10:32:21.367Z
780609,5.0,2022-08-12T21:18:37.947Z
780609,4.0,2023-05-15T13:32:39.807Z
780609,7.0,2024-09-23T13:57:56.840Z
862965,5.0,2022-02-21T19:17:52.573Z
862965,8.0,2022-08-17T17:37:39.597Z
862965,5.0,2022-09-23T04:06:07.521Z
862965,6.0,2022-10-07T02:10:20.974Z
862965,7.0,2022-10-23T03:28:03.898Z
862965,7.0,2023-05-05T13:29:00.266Z
799876,9.0,2022-04-13T23:31:20.898Z
799876,8.0,2022-04-27T09:56:45.927Z
799876,7.0,2022-08-19T23:08:16.854Z
799876,7.0,2022-08-19T23:08:40.955Z
799876,8.0,2023-01-06T21:28:43.125Z
766475,7.0,2022-09-11T21:56:22.142Z
766475,6.0,2023-01-02T02:27:58.110Z
656663,1.0,2022-08-27T05:44:41.746Z
532710,5.0,2022-05-29T12:58:38.113Z
532710,5.0,2022-06-18T18:43:09.211Z
532710,5.0,2022-08-20T00:22:00.633Z
532710,,2022-09-12T21:18:30.416Z
899112,8.0,2022-11-30T07:22:17.986Z
899112,7.0,2022-12-03T10:57:45.312Z
899112,7.0,2022-12-09T23:49:31.998Z
899112,7.0,2022-12-11T12:21:57.493Z
899112,6.0,2022-12-26T04:50:07.734Z
899112,7.0,2023-01-06T21:16:52.869Z
899112,10.0,2023-01-10T01:55:40.918Z
899112,10.0,2024-02-12T19:33:30.215Z
899112,7.0,2024-09-02T19:55:28.606Z
819876,,2022-07-24T19:15:46.519Z
819876,6.0,2022-09-19T20:16:24.989Z
819876,7.0,2022-10-16T09:59:06.839Z
819876,7.0,2023-02-20T04:15:49.422Z
744594,6.0,2022-12-25T10:54:42.560Z
744594,6.0,2023-01-06T21:29:47.232Z
667216,8.0,2023-02-01T18:20:45.795Z
667216,8.0,2023-02-05T12:41:24.479Z
667216,5.0,2023-02-22T21:49:27.678Z
667216,6.0,2023-03-24T05:57:48.274Z
667216,6.0,2023-03-25T09:27:42.438Z
575264,,2023-07-08T14:22:10.705Z
575264,7.0,2023-07-12T05:24:21.317Z
575264,8.0,2023-07-15T19:26:52.558Z
575264,7.0,2023-07-16T01:36:35.068Z
575264,7.0,2023-07-21T10:22:15.048Z
575264,6.0,2023-07-23T22:35:58.004Z
575264,9.0,2023-08-04T07:02:36.097Z
575264,8.0,2023-10-17T08:44:40.250Z
575264,8.0,2023-10-29T06:14:19.708Z
575264,6.0,2023-12-27T02:05:24.218Z
575264,8.0,2024-01-30T19:55:24.874Z
575264,7.0,2024-03-11T15:14:44.679Z
575264,9.0,2025-03-16T00:15:36.253Z
575264,7.0,2025-05-09T17:11:22.306Z
575264,8.0,2025-05-22T01:38:18.417Z
603692,,2023-03-15T05:13:49.138Z
603692,,2023-03-22T09:48:42.089Z
603692,9.0,2023-03-24T04:56:09.482Z
603692,6.0,2023-03-27T20:57:05.953Z
603692,8.0,2023-03-28T18:10:30.025Z
603692,10.0,2023-03-30T02:54:29.007Z
603692,10.0,2023-04-14T19:03:31.966Z
603692,8.0,2023-04-23T06:01:43.342Z
603692,8.0,2023-05-04T14:45:18.756Z
603692,9.0,2023-05-15T13:29:09.229Z
603692,7.0,2023-05-26T03:34:32.259Z
603692,1.0,2023-05-29T02:28:53.226Z
603692,10.0,2023-06-14T06:03:08.368Z
603692,7.0,2023-06-17T06:57:10.086Z
603692,8.0,2023-07-04T02:28:50.836Z
603692,,2023-07-15T06:14:46.079Z
603692,6.0,2023-07-26T17:35:52.179Z
603692,4.0,2024-01-30T19:46:19.146Z
872585,8.0,2023-07-20T22:49:57.141Z
872585,10.0,2023-07-23T19:38:28.707Z
872585,9.0,2023-07-24T12:59:23.547Z
872585,7.0,2023-07-26T10:19:45.348Z
872585,,2023-07-26T17:45:55.401Z
872585,8.0,2023-08-02T17:40:24.373Z
872585,8.0,2023-08-04T07:04:22.910Z
872585,9.0,2023-10-02T15:14:08.230Z
872585,10.0,2023-10-16T09:16:57.596Z
872585,,2023-11-11T11:35:08.213Z
872585,7.0,2023-11-14T20:44:12.255Z
872585,2.0,2023-11-19T23:17:25.927Z
872585,1.0,2023-11-28T19:54:27.167Z
872585,5.0,2023-11-29T19:52:37.477Z
872585,8.0,2023-12-29T02:00:30.037Z
872585,10.0,2023-12-29T14:13:26.952Z
872585,,2024-01-04T13:09:01.541Z
872585,,2024-01-26T16:12:41.686Z
872585,9.0,2024-01-30T02:07:35.408Z
872585,5.0,2024-03-12T22:27:20.334Z
569094,,2023-05-31T14:58:50.182Z
569094,6.0,2023-06-04T22:50:00.570Z
569094,8.0,2023-06-05T16:38:08.200Z
569094,7.0,2023-06-08T20:23:22.049Z
569094,10.0,2023-06-26T19:19:58.329Z
569094,,2023-07-01T15:29:57.366Z
569094,9.0,2023-08-04T06:57:57.225Z
569094,10.0,2023-08-17T11:19:07.788Z
569094,6.0,2023-10-20T14:59:26.770Z
569094,8.0,2025-03-04T01:44:35.785Z
346698,7.0,2023-07-21T22:04:12.071Z
346698,1.0,2023-07-24T07:46:36.727Z
346698,8.0,2023-07-24T16:42:11.370Z
346698,1.0,2023-07-25T12:28:19.723Z
346698,7.0,2023-07-26T09:14:30.960Z
346698,8.0,2023-07-29T10:00:29.386Z
346698,5.0,2023-07-30T00:45:37.364Z
346698,4.0,2023-08-02T17:39:26.441Z
346698,7.0,2023-08-21T14:55:00.127Z
346698,7.0,2023-09-09T03:43:42.829Z
346698,8.0,2023-10-02T15:12:46.921Z
346698,7.0,2023-12-29T00:03:18.059Z
346698,6.0,2024-01-01T01:18:58.172Z
346698,,2024-01-02T06:59:53.152Z
346698,7.0,2024-01-07T21:24:13.609Z
346698,,2024-01-17T03:12:26.896Z
346698,8.0,2024-09-03T02:02:48.045Z
502356,5.0,2023-04-06T20:38:59.988Z
502356,6.0,2023-04-13T13:19:08.627Z
502356,8.0,2023-04-14T18:36:26.281Z
502356,9.0,2023-04-17T19:28:48.334Z
502356,7.0,2023-05-16T15:48:56.525Z
502356,10.0,2023-05-22T19:16:30.951Z
502356,6.0,2023-10-01T12:26:47.533Z
502356,7.0,2023-11-25T17:53:26.950Z
502356,5.0,2024-01-01T01:10:37.599Z
502356,7.0,2024-01-14T01:48:38.720Z
502356,8.0,2024-02-12T19:22:58.114Z
502356,8.0,2024-02-13T02:10:30.093Z
385687,6.0,2023-05-18T08:13:12.147Z
385687,,2023-05-19T04:04:52.963Z
385687,,2023-05-21T10:13:12.913Z
385687,6.0,2023-05-22T09:20:59.008Z
385687,2.0,2023-06-01T22:53:16.005Z
385687,9.0,2023-06-08T18:22:02.617Z
385687,9.0,2023-06-08T18:22:02.871Z
385687,1.0,2023-07-18T11:59:41.682Z
385687,5.0,2023-08-04T07:09:18.478Z
385687,5.0,2023-08-07T02:35:29.616Z
385687,7.0,2023-11-19T09:20:12.780Z
385687,5.0,2024-01-17T14:57:45.866Z
667538,,2023-06-06T08:59:11.390Z
667538,,2023-06-06T14:29:14.555Z
667538,2.0,2023-06-09T13:57:17.518Z
667538,6.0,2023-06-10T04:45:32.012Z
667538,10.0,2023-06-10T18:32:38.699Z
667538,7.0,2023-07-16T23:24:54.990Z
667538,6.0,2023-11-26T12:39:33.806Z
667538,6.0,2025-01-23T16:27:04.017Z
298618,7.0,2023-06-02T04:24:18.587Z
298618,3.0,2023-06-09T23:22:37.224Z
298618,7.0,2023-06-14T18:41:44.502Z
298618,7.0,2023-06-16T04:05:34.084Z
298618,,2023-07-18T17:47:23.678Z
298618,,2023-07-19T21:35:58.401Z
298618,5.0,2023-07-20T00:22:02.679Z
298618,10.0,2023-07-30T20:50:08.707Z
298618,7.0,2023-08-04T06:56:54.724Z
298618,7.0,2023-08-23T04:01:31.457Z
298618,9.0,2023-11-19T02:00:47.388Z
572802,6.0,2023-12-21T16:26:21.038Z
572802,6.0,2023-12-24T12:28:49.987Z
572802,4.0,2024-01-26T00:54:09.677Z
572802,3.0,2024-01-30T22:13:46.379Z
572802,5.0,2024-02-29T16:37:07.836Z
572802,7.0,2024-03-18T04:23:29.644Z
572802,5.0,2024-06-15T15:12:49.109Z
572802,6.0,2024-09-25T01:44:56.083Z
572802,7.0,2024-11-12T01:24:27.903Z
940551,6.0,2024-02-16T07:42:12.967Z
940551,,2024-03-04T01:29:12.456Z
940551,7.0,2024-09-03T02:34:29.012Z
493529,7.0,2023-03-31T17:38:40.603Z
493529,7.0,2023-04-03T08:31:03.580Z
493529,8.0,2023-04-19T09:00:11.203Z
493529,8.0,2023-04-23T05:58:55.912Z
493529,8.0,2023-05-16T15:33:27.274Z
493529,6.0,2023-05-22T18:54:57.210Z
493529,7.0,2023-06-20T01:37:30.533Z
493529,9.0,2024-01-09T01:29:59.895Z
976573,,2023-06-09T17:49:10.193Z
976573,,2023-06-28T14:58:25.947Z
976573,8.0,2023-07-20T09:18:19.199Z
976573,6.0,2023-07-21T09:31:13.997Z
976573,9.0,2023-09-22T22:10:18.831Z
976573,8.0,2024-04-01T06:29:27.530Z
976573,7.0,2024-07-29T00:29:59.653Z
926393,6.0,2023-08-31T09:25:28.079Z
926393,4.0,2023-10-05T02:56:07.891Z
926393,7.0,2023-11-27T04:30:56.547Z
926393,10.0,2023-11-27T10:38:22.123Z
926393,8.0,2024-01-09T15:35:09.275Z
926393,4.0,2024-02-09T13:38:11.308Z
926393,8.0,2024-02-18T10:20:53.011Z
926393,8.0,2024-05-13T00:56:21.494Z
447365,9.0,2023-05-06T01:31:27.138Z
447365,9.0,2023-05-08T05:33:15.113Z
447365,6.0,2023-05-08T11:16:28.062Z
447365,8.0,2023-05-09T19:47:56.442Z
447365,7.0,2023-10-22T15:31:21.366Z
447365,9.0,2024-07-25T14:32:54.796Z
447365,9.0,2024-09-03T02:22:01.029Z
447365,7.0,2025-05-19T21:50:00.832Z
615656,5.0,2023-08-12T06:21:56.587Z
615656,5.0,2023-08-26T19:41:42.368Z
615656,,2023-08-26T21:02:26.104Z
615656,4.0,2023-11-12T04:41:59.190Z
615656,5.0,2024-12-30T19:14:53.329Z
615656,5.0,2025-04-10T14:03:55.193Z
968051,,2023-10-06T20:47:54.976Z
968051,6.0,2023-10-22T12:02:48.801Z
968051,5.0,2023-11-13T05:21:57.288Z
968051,6.0,2023-11-26T10:25:58.289Z
968051,5.0,2025-01-31T01:21:26.928Z
792307,9.0,2023-09-02T15:20:00.629Z
792307,8.0,2023-12-17T23:52:53.939Z
792307,7.0,2024-01-13T11:35:03.397Z
792307,10.0,2024-03-01T00:11:51.518Z
792307,9.0,2024-03-01T15:47:29.596Z
792307,6.0,2024-03-09T14:56:53.789Z
792307,,2024-04-02T04:21:20.103Z
792307,1.0,2024-04-05T13:03:43.006Z
792307,9.0,2024-05-01T17:18:08.785Z
792307,8.0,2024-05-04T17:23:03.685Z
792307,10.0,2024-12-12T02:22:55.979Z
792307,,2024-12-28T23:06:36.439Z
640146,,2023-02-15T14:25:24.555Z
640146,,2023-02-16T01:33:54.605Z
640146,5.0,2023-02-17T14:05:37.916Z
640146,5.0,2023-02-17T16:26:26.388Z
640146,5.0,2023-02-18T17:29:14.364Z
640146,6.0,2023-02-23T23:22:55.565Z
640146,9.0,2023-03-15T16:41:38.033Z
640146,1.0,2023-04-19T19:57:43.688Z
640146,3.0,2023-04-23T06:10:51.993Z
640146,6.0,2023-04-26T20:33:59.430Z
640146,8.0,2023-06-18T06:08:16.836Z
640146,8.0,2023-08-14T09:01:43.895Z
640146,,2024-03-19T19:58:31.977Z
507089,9.0,2023-10-26T11:17:37.038Z
507089,7.0,2023-10-27T19:10:26.626Z
507089,5.0,2023-11-02T09:34:31.341Z
507089,4.0,2023-11-26T15:32:47.772Z
507089,10.0,2024-01-28T23:15:32.834Z
507089,10.0,2024-01-29T19:15:26.072Z
507089,,2024-02-11T21:19:31.684Z
507089,7.0,2024-02-12T19:18:48.203Z
507089,7.0,2024-02-13T01:40:37.777Z
507089,7.0,2024-09-15T23:35:55.900Z
507089,6.0,2025-04-07T05:10:18.797Z
787699,7.0,2023-12-11T11:10:25.698Z
787699,8.0,2023-12-13T17:49:55.027Z
787699,7.0,2023-12-15T16:50:33.850Z
787699,,2023-12-21T11:09:34.407Z
787699,,2024-01-02T19:31:45.754Z
787699,8.0,2024-01-23T14:37:12.184Z
787699,8.0,2024-01-23T14:37:21.761Z
787699,10.0,2024-01-27T14:05:31.086Z
787699,,2024-03-19T15:18:12.281Z
787699,10.0,2024-09-02T19:30:14.319Z
951491,7.0,2023-10-09T03:49:37.351Z
951491,,2023-10-21T11:14:35.735Z
951491,10.0,2024-01-29T12:57:22.391Z
951491,,2024-05-25T10:20:45.148Z
951491,,2024-09-17T06:49:25.023Z
884605,7.0,2023-07-08T17:53:56.608Z
884605,7.0,2023-07-21T11:13:26.979Z
884605,3.0,2023-08-04T06:58:50.868Z
884605,1.0,2023-10-29T21:04:07.544Z
884605,7.0,2023-12-12T09:14:45.556Z
884605,7.0,2023-12-18T11:57:20.639Z
884605,6.0,2024-05-04T20:49:10.976Z
884605,8.0,2024-05-09T12:34:42.327Z
678512,1.0,2023-07-28T00:22:40.036Z
678512,6.0,2023-08-11T03:31:53.597Z
678512,7.0,2023-10-19T11:59:20.700Z
678512,4.0,2023-12-27T15:40:25.879Z
678512,6.0,2024-03-03T20:24:38.878Z
678512,10.0,2024-11-23T17:48:33.550Z
695721,7.0,2023-11-23T09:26:33.405Z
695721,8.0,2023-11-25T11:27:56.059Z
695721,,2023-12-24T23:51:54.813Z
695721,5.0,2024-01-10T20:08:28.226Z
695721,6.0,2024-01-12T18:52:10.763Z
695721,10.0,2024-10-20T04:57:46.837Z
695721,7.0,2025-01-17T02:16:01.852Z
1022796,6.0,2023-11-29T08:04:59.406Z
1022796,7.0,2023-12-11T10:07:26.814Z
1022796,7.0,2024-07-30T23:43:53.309Z
980489,8.0,2023-08-18T12:31:20.164Z
980489,8.0,2023-08-23T18:32:57.943Z
980489,7.0,2023-08-25T08:32:10.595Z
980489,4.0,2023-09-28T20:42:15.763Z
614930,,2023-08-02T11:56:19.429Z
614930,9.0,2023-08-04T07:05:18.216Z
614930,6.0,2023-08-06T10:13:31.532Z
614930,7.0,2023-08-08T09:30:44.704Z
614930,1.0,2023-09-03T07:32:51.662Z
753342,4.0,2023-11-23T09:02:06.681Z
753342,7.0,2023-11-24T09:18:02.000Z
753342,3.0,2023-12-25T04:49:42.476Z
753342,,2023-12-25T21:16:07.970Z
753342,6.0,2024-01-05T20:02:30.607Z
753342,6.0,2024-01-08T18:31:32.051Z
753342,6.0,2024-01-09T13:50:55.111Z
753342,6.0,2024-01-12T05:06:21.670Z
753342,6.0,2024-01-15T20:32:49.683Z
753342,6.0,2024-01-19T00:06:26.106Z
753342,5.0,2024-03-09T04:21:36.170Z
882569,8.0,2023-04-23T05:58:02.347Z
882569,8.0,2023-05-16T16:03:23.139Z
882569,,2023-05-21T16:11:42.828Z
882569,6.0,2023-06-04T06:13:53.033Z
882569,6.0,2023-06-13T23:29:46.263Z
882569,8.0,2023-12-04T13:29:48.182Z
882569,8.0,2023-12-04T13:33:47.186Z
882569,10.0,2024-09-03T02:26:47.058Z
713704,,2023-04-22T16:12:33.817Z
713704,1.0,2023-04-24T00:01:42.572Z
713704,7.0,2023-05-03T21:08:46.409Z
713704,6.0,2023-05-16T12:25:17.923Z
713704,8.0,2023-05-16T15:55:43.944Z
713704,,2023-05-17T06:02:44.237Z
713704,7.0,2023-06-25T16:48:56.748Z
713704,2.0,2023-06-27T02:58:28.489Z
901362,7.0,2025-02-26T23:41:01.199Z
934433,8.0,2023-03-10T05:28:12.976Z
934433,,2023-03-11T01:33:45.146Z
934433,6.0,2023-03-12T19:33:07.332Z
934433,7.0,2023-03-23T14:33:22.637Z
934433,7.0,2023-05-15T13:11:20.130Z
934433,7.0,2023-05-21T06:21:23.384Z
934433,1.0,2023-06-05T05:14:24.469Z
934433,6.0,2023-10-26T00:52:12.125Z
466420,8.0,2023-05-28T20:49:41.936Z
466420,8.0,2023-10-17T18:05:32.255Z
466420,7.0,2023-10-19T10:13:23.967Z
466420,,2023-10-22T16:34:03.339Z
466420,,2023-10-31T11:10:19.873Z
466420,1.0,2023-12-14T18:52:04.668Z
466420,8.0,2023-12-24T12:53:49.178Z
466420,8.0,2023-12-31T17:15:26.067Z
466420,8.0,2024-01-20T03:14:55.650Z
466420,4.0,2024-01-23T21:56:15.556Z
466420,7.0,2024-01-27T10:42:28.975Z
466420,9.0,2024-02-04T16:56:35.420Z
466420,1.0,2024-02-14T20:32:54.989Z
466420,5.0,2024-03-07T21:00:05.447Z
447277,,2023-05-27T21:11:22.868Z
447277,6.0,2023-05-29T08:42:53.431Z
447277,8.0,2023-05-31T16:59:35.570Z
447277,6.0,2023-08-04T07:16:20.960Z
447277,7.0,2024-07-28T14:55:42.775Z
820525,5.0,2023-10-09T04:02:30.469Z
666277,4.0,2023-06-10T22:14:09.873Z
666277,9.0,2023-08-26T04:50:20.883Z
666277,7.0,2023-10-22T13:44:32.405Z
666277,10.0,2024-01-28T17:25:46.495Z
666277,10.0,2024-07-16T16:08:20.421Z
666277,9.0,2024-09-15T11:47:57.890Z
1008042,8.0,2023-07-25T22:52:50.439Z
1008042,6.0,2023-08-06T11:26:39.482Z
1008042,8.0,2023-08-07T21:07:44.417Z
1008042,8.0,2024-01-04T17:25:44.733Z
1008042,7.0,2024-01-22T23:00:54.928Z
1016121,6.0,2023-04-13T10:02:14.408Z
677179,9.0,2023-03-03T14:54:45.072Z
677179,,2023-03-05T15:49:52.462Z
677179,6.0,2023-03-25T09:47:37.025Z
677179,7.0,2023-04-23T06:11:24.074Z
677179,6.0,2023-06-14T02:41:19.028Z
677179,8.0,2024-01-04T01:13:21.503Z
964980,7.0,2023-04-14T08:52:05.001Z
964980,8.0,2023-04-23T06:00:01.959Z
964980,,2023-05-16T08:27:57.116Z
964980,9.0,2023-05-18T00:12:18.625Z
964980,7.0,2023-11-17T21:39:24.393Z
964980,9.0,2024-09-03T01:36:20.343Z
565770,7.0,2023-08-16T14:42:43.344Z
565770,,2023-08-21T15:22:22.256Z
565770,6.0,2023-08-30T08:32:42.679Z
565770,7.0,2023-09-20T09:16:49.678Z
565770,6.0,2023-09-24T11:09:35.584Z
565770,10.0,2023-10-13T22:17:36.108Z
565770,7.0,2023-11-20T04:00:07.041Z
565770,3.0,2024-01-22T23:05:42.392Z
850165,7.0,2023-12-21T16:50:00.175Z
850165,9.0,2024-02-09T20:13:34.176Z
850165,6.0,2024-02-15T15:15:34.580Z
850165,8.0,2024-07-17T00:17:28.231Z
609681,7.0,2023-11-09T19:42:31.799Z
609681,6.0,2023-11-11T09:46:05.135Z
609681,5.0,2023-11-11T23:49:36.686Z
609681,2.0,2023-11-13T19:39:37.144Z
609681,6.0,2023-11-18T23:08:22.662Z
609681,4.0,2024-01-17T14:54:25.694Z
609681,3.0,2024-01-17T21:21:09.817Z
609681,6.0,2024-01-20T14:24:32.685Z
609681,,2024-01-25T21:01:41.254Z
609681,8.0,2024-07-06T04:17:02.845Z
609681,7.0,2024-07-25T14:56:25.121Z
335977,4.0,2023-05-28T19:14:03.595Z
335977,,2023-06-16T14:44:07.897Z
335977,7.0,2023-07-03T01:27:50.251Z
335977,2.0,2023-07-08T06:26:14.438Z
335977,7.0,2023-07-11T19:21:56.704Z
335977,1.0,2023-07-13T23:58:56.457Z
335977,,2023-07-14T15:03:45.749Z
335977,1.0,2023-07-18T22:37:22.235Z
335977,6.0,2023-07-21T10:02:45.444Z
335977,,2023-07-23T21:12:10.835Z
335977,5.0,2023-08-04T07:01:49.582Z
335977,8.0,2023-09-01T19:09:03.261Z
335977,7.0,2023-10-24T13:00:20.582Z
670292,,2023-09-30T09:00:41.640Z
670292,7.0,2023-10-02T12:48:52.777Z
670292,,2023-10-03T06:49:30.257Z
670292,7.0,2023-10-05T09:12:56.764Z
670292,6.0,2023-10-08T13:08:29.003Z
670292,10.0,2023-11-15T02:22:00.380Z
670292,5.0,2023-11-21T15:32:43.314Z
670292,,2023-11-22T08:34:47.529Z
670292,10.0,2023-12-24T04:55:10.446Z
670292,6.0,2023-12-25T20:01:52.515Z
930564,7.0,2023-10-08T06:08:40.929Z
930564,3.0,2023-12-09T23:48:42.237Z
930564,8.0,2023-12-27T04:43:58.503Z
930564,7.0,2024-01-01T07:47:29.153Z
930564,8.0,2024-01-02T01:32:21.125Z
930564,8.0,2024-01-13T22:01:51.381Z
930564,9.0,2024-01-17T01:07:51.405Z
930564,9.0,2024-01-21T23:06:25.818Z
594767,7.0,2023-03-17T15:03:21.653Z
594767,5.0,2023-03-20T19:27:54.475Z
594767,7.0,2023-03-23T14:09:47.945Z
594767,4.0,2023-04-19T14:40:09.024Z
594767,6.0,2023-05-15T13:17:31.665Z
594767,6.0,2023-05-28T17:47:25.229Z
594767,9.0,2023-11-18T01:58:03.435Z
1072790,7.0,2023-12-30T11:07:00.167Z
1072790,7.0,2024-01-26T18:23:41.707Z
1072790,2.0,2025-01-10T13:18:15.352Z
700391,,2023-03-09T22:36:21.339Z
700391,6.0,2023-03-15T04:41:33.021Z
700391,3.0,2023-03-22T16:30:32.371Z
700391,5.0,2023-03-25T10:02:38.186Z
700391,1.0,2023-04-13T11:37:12.827Z
700391,7.0,2023-04-16T21:34:02.195Z
700391,6.0,2023-05-15T13:20:09.847Z
299054,6.0,2023-10-08T07:11:52.092Z
299054,4.0,2023-10-14T08:25:12.397Z
299054,4.0,2023-10-14T19:38:27.428Z
299054,6.0,2024-01-08T00:14:27.447Z
299054,,2024-04-02T04:56:17.597Z
768362,8.0,2023-02-01T18:17:03.442Z
768362,8.0,2023-02-01T18:17:06.647Z
768362,9.0,2023-05-06T12:19:23.024Z
768362,6.0,2023-05-08T11:33:34.028Z
768362,8.0,2023-05-26T03:59:31.868Z
768362,8.0,2023-11-27T20:16:14.084Z
768362,3.0,2024-11-16T17:35:27.171Z
614479,6.0,2023-07-22T14:38:53.462Z
1040148,6.0,2023-07-22T10:53:33.521Z
1040148,1.0,2023-10-29T20:51:24.091Z
455476,3.0,2023-11-04T07:52:21.469Z
467244,9.0,2023-05-28T20:18:33.677Z
467244,8.0,2023-10-11T21:01:17.920Z
467244,7.0,2023-11-23T09:04:11.799Z
467244,7.0,2024-01-28T23:24:35.105Z
467244,9.0,2024-02-21T01:26:01.777Z
467244,9.0,2024-02-21T13:23:37.675Z
467244,8.0,2024-02-21T21:05:20.624Z
467244,,2024-03-14T14:33:40.374Z
467244,3.0,2024-03-28T23:16:26.800Z
467244,7.0,2024-09-11T21:44:50.232Z
467244,,2024-10-02T19:21:33.760Z
804150,6.0,2023-02-23T21:14:37.835Z
804150,7.0,2023-02-26T23:13:53.693Z
804150,5.0,2023-03-03T14:47:50.911Z
804150,6.0,2023-03-16T20:28:13.170Z
804150,8.0,2023-03-24T05:49:33.976Z
804150,4.0,2023-04-23T06:13:43.953Z
804150,4.0,2023-06-05T19:54:18.923Z
804150,1.0,2023-06-07T13:04:38.680Z
804150,6.0,2023-06-08T07:49:11.176Z
804150,4.0,2024-01-04T20:09:38.606Z
804150,6.0,2024-06-13T11:45:54.991Z
800158,6.0,2023-09-03T17:44:40.492Z
800158,6.0,2023-11-01T13:28:20.797Z
800158,6.0,2023-11-12T22:59:36.597Z
800158,8.0,2023-11-15T01:07:46.633Z
800158,6.0,2023-11-17T15:01:27.970Z
840430,9.0,2023-10-13T13:20:18.569Z
840430,6.0,2023-11-09T15:40:58.024Z
840430,6.0,2023-11-09T15:41:02.950Z
840430,9.0,2024-01-03T01:44:52.174Z
840430,6.0,2024-01-04T04:25:30.898Z
840430,,2024-01-22T03:17:39.743Z
840430,7.0,2024-01-28T14:08:02.962Z
840430,5.0,2024-02-12T19:52:16.909Z
840430,5.0,2024-02-16T22:37:23.795Z
840430,,2024-02-23T20:42:57.119Z
840430,9.0,2025-02-12T01:05:46.127Z
758323,6.0,2023-04-13T11:12:45.293Z
758323,5.0,2023-04-15T20:57:00.375Z
758323,7.0,2023-04-23T06:00:33.213Z
758323,,2023-05-09T11:01:38.172Z
758323,6.0,2023-05-16T15:57:36.310Z
758323,1.0,2023-10-16T01:45:37.270Z
758323,,2024-02-28T01:30:30.627Z
945729,3.0,2023-09-17T00:30:22.649Z
945729,7.0,2023-09-18T17:09:01.586Z
945729,6.0,2023-09-20T10:52:58.220Z
945729,6.0,2023-11-06T13:38:45.716Z
945729,7.0,2023-11-13T14:11:36.007Z
945729,4.0,2024-09-02T20:40:47.290Z
739405,,2023-03-05T15:53:16.342Z
739405,3.0,2023-03-06T14:17:19.016Z
739405,5.0,2023-03-10T23:13:28.352Z
739405,7.0,2023-03-21T20:21:03.379Z
739405,6.0,2023-04-14T13:29:19.314Z
747188,6.0,2023-06-14T18:42:09.343Z
747188,2.0,2023-06-24T03:46:25.652Z
747188,5.0,2023-06-26T22:36:07.765Z
747188,6.0,2023-07-21T15:50:50.876Z
747188,4.0,2023-08-04T07:01:18.208Z
747188,8.0,2023-08-15T01:25:09.642Z
747188,7.0,2024-01-02T13:07:26.013Z
646389,,2023-01-12T01:35:10.840Z
646389,6.0,2023-02-01T19:40:42.532Z
646389,6.0,2023-02-08T17:53:53.436Z
646389,6.0,2023-02-09T09:32:30.913Z
646389,7.0,2023-02-11T03:28:59.326Z
646389,7.0,2023-03-23T09:31:30.932Z
646389,6.0,2023-06-30T04:49:23.592Z
646389,7.0,2024-01-04T20:06:21.856Z
994108,8.0,2023-10-09T16:35:23.695Z
994108,9.0,2024-01-14T02:54:45.244Z
994108,7.0,2024-01-31T10:51:20.556Z
994108,,2024-03-15T17:27:21.600Z
709631,6.0,2023-08-14T04:47:59.140Z
709631,6.0,2023-09-02T06:19:47.175Z
709631,1.0,2023-10-29T01:17:12.133Z
897087,,2024-01-01T08:06:45.072Z
897087,5.0,2024-01-03T17:53:46.114Z
649609,6.0,2023-04-17T07:24:59.650Z
649609,6.0,2023-04-18T22:04:27.502Z
649609,6.0,2023-04-19T20:44:28.005Z
649609,,2023-04-22T16:22:33.216Z
649609,4.0,2023-04-23T05:59:28.773Z
649609,6.0,2023-05-05T05:05:27.354Z
649609,7.0,2023-05-07T00:08:47.836Z
649609,4.0,2023-05-16T15:46:33.601Z
649609,6.0,2024-05-07T12:25:36.866Z
649609,7.0,2024-09-28T16:47:06.362Z
807172,1.0,2023-10-13T21:58:35.613Z
807172,5.0,2023-10-19T10:57:01.304Z
807172,4.0,2024-01-02T00:08:38.469Z
807172,3.0,2025-03-08T11:12:21.738Z
717930,8.0,2023-05-17T05:15:08.087Z
717930,6.0,2023-06-17T01:03:33.757Z
717930,10.0,2023-06-18T23:27:40.154Z
717930,5.0,2023-08-04T07:11:00.160Z
717930,5.0,2023-08-14T16:11:13.797Z
717930,6.0,2024-01-06T01:48:33.716Z
717930,6.0,2024-01-19T03:17:55.549Z
798286,6.0,2023-05-03T21:29:53.790Z
798286,4.0,2023-05-16T16:14:42.528Z
798286,6.0,2023-05-21T08:10:17.983Z
798286,6.0,2023-07-07T22:48:49.231Z
798286,10.0,2023-07-15T07:33:29.760Z
798286,8.0,2023-11-17T02:56:58.783Z
762430,5.0,2023-11-07T09:10:17.289Z
912908,6.0,2023-08-25T09:59:54.726Z
912908,3.0,2024-05-07T12:22:53.598Z
635910,7.0,2023-09-03T08:32:24.590Z
635910,4.0,2023-09-24T14:14:55.027Z
635910,7.0,2023-11-17T22:15:09.667Z
635910,6.0,2023-11-18T14:01:42.416Z
635910,6.0,2024-01-30T19:50:42.286Z
635910,5.0,2024-09-15T23:56:00.316Z
635910,1.0,2025-04-20T21:13:11.685Z
823482,8.0,2023-11-19T16:10:21.191Z
823482,6.0,2023-11-23T10:16:24.220Z
823482,7.0,2024-01-07T02:10:08.780Z
823482,9.0,2024-01-08T15:10:53.129Z
631842,8.0,2023-02-04T08:51:10.301Z
631842,,2023-02-04T15:40:56.292Z
631842,7.0,2023-02-09T08:40:39.871Z
631842,6.0,2023-02-10T12:46:58.211Z
631842,5.0,2023-02-10T12:56:28.993Z
631842,7.0,2023-02-17T13:56:15.349Z
631842,3.0,2023-05-06T13:03:54.353Z
631842,3.0,2023-07-31T03:20:57.936Z
839369,8.0,2023-05-29T17:03:15.771Z
839369,7.0,2023-10-19T17:13:36.172Z
839369,5.0,2023-11-24T16:48:27.272Z
839369,7.0,2024-01-22T02:03:05.938Z
839369,6.0,2024-01-22T22:57:35.551Z
616747,5.0,2023-07-26T21:08:26.794Z
616747,,2023-07-28T02:29:26.702Z
616747,6.0,2023-08-04T07:00:12.977Z
616747,7.0,2023-08-16T13:01:22.657Z
616747,6.0,2023-08-25T09:43:41.942Z
616747,5.0,2024-07-30T00:20:59.073Z
1071215,4.0,2023-11-18T00:23:13.374Z
1071215,7.0,2023-11-24T08:06:22.254Z
1071215,5.0,2023-12-24T00:31:46.809Z
1071215,6.0,2024-01-04T05:38:09.009Z
1071215,7.0,2024-12-17T16:53:36.534Z
536437,6.0,2023-05-02T16:27:30.356Z
536437,5.0,2023-05-17T07:59:00.809Z
536437,5.0,2023-05-30T23:37:45.738Z
536437,6.0,2023-06-01T07:36:35.947Z
1020006,6.0,2023-12-03T20:27:36.869Z
1020006,6.0,2024-01-04T23:45:36.053Z
1020006,6.0,2024-01-10T07:01:59.394Z
1020006,6.0,2024-02-26T11:11:20.074Z
760774,8.0,2023-10-13T19:36:01.418Z
760774,7.0,2024-01-11T07:46:50.814Z
760774,8.0,2024-01-19T21:47:32.208Z
760774,6.0,2024-03-27T05:25:09.235Z
760774,9.0,2024-09-10T03:05:23.817Z
523607,8.0,2023-09-03T17:38:54.954Z
523607,6.0,2023-12-05T15:38:53.094Z
523607,5.0,2023-12-25T20:31:59.906Z
523607,7.0,2023-12-29T13:53:45.304Z
365620,6.0,2023-09-01T13:06:32.783Z
365620,6.0,2023-12-30T11:46:41.023Z
532408,7.0,2023-05-31T17:00:34.289Z
532408,6.0,2023-06-07T09:12:05.641Z
532408,5.0,2023-09-08T01:47:19.271Z
532408,5.0,2024-01-06T21:01:47.100Z
980078,5.0,2023-03-25T10:20:29.086Z
980078,,2023-04-12T14:52:05.821Z
980078,1.0,2023-05-06T12:16:35.523Z
980078,1.0,2024-09-02T19:43:18.612Z
1056360,6.0,2023-12-25T00:08:11.695Z
1056360,7.0,2024-02-08T11:07:49.239Z
1056360,7.0,2024-03-14T01:53:12.150Z
1056360,10.0,2024-06-04T00:05:43.825Z
1241982,7.0,2024-11-30T10:01:26.914Z
1241982,9.0,2025-02-03T11:38:31.465Z
1064213,6.0,2024-10-30T14:29:56.328Z
1064213,7.0,2024-11-14T09:11:41.976Z
1064213,7.0,2025-02-07T11:41:37.199Z
1064213,10.0,2025-03-01T02:23:28.706Z
1064213,3.0,2025-03-05T23:48:59.176Z
1064213,,2025-04-04T07:05:57.578Z
1064213,5.0,2025-04-10T13:01:41.816Z
939243,6.0,2024-12-24T09:39:57.504Z
939243,8.0,2025-01-24T23:00:50.682Z
939243,,2025-01-31T06:27:53.141Z
762509,8.0,2024-12-23T18:13:28.704Z
762509,6.0,2024-12-24T08:16:48.389Z
762509,10.0,2025-03-09T16:06:27.153Z
912649,7.0,2024-10-25T18:25:18.286Z
912649,2.0,2024-10-27T14:01:38.601Z
912649,6.0,2024-10-31T11:02:06.190Z
912649,,2024-11-12T20:12:08.312Z
912649,9.0,2024-12-10T04:22:01.874Z
912649,6.0,2024-12-16T21:17:22.780Z
912649,,2024-12-26T10:01:12.555Z
519182,8.0,2024-06-06T10:44:55.424Z
519182,,2024-07-03T00:53:29.806Z
519182,6.0,2024-07-09T14:24:00.700Z
519182,6.0,2024-07-16T07:48:57.825Z
519182,3.0,2024-07-17T00:28:34.245Z
519182,3.0,2024-07-17T17:05:46.946Z
519182,3.0,2024-08-12T02:16:07.845Z
519182,2.0,2024-09-02T20:15:33.406Z
533535,6.0,2024-07-25T21:26:26.038Z
533535,9.0,2024-07-25T23:00:25.482Z
533535,8.0,2024-07-26T21:57:36.118Z
533535,6.0,2024-07-27T23:10:02.772Z
533535,10.0,2024-07-28T15:45:25.879Z
533535,7.0,2024-07-29T06:24:25.060Z
533535,8.0,2024-07-30T16:14:59.429Z
533535,10.0,2024-08-01T01:21:06.505Z
533535,7.0,2024-08-05T21:20:26.799Z
533535,10.0,2024-08-05T21:32:01.314Z
533535,4.0,2024-08-07T07:01:33.227Z
533535,8.0,2024-08-09T16:46:35.153Z
533535,10.0,2024-08-25T18:39:10.750Z
533535,9.0,2024-09-01T21:25:38.788Z
533535,7.0,2024-09-05T21:55:58.133Z
533535,,2024-09-09T15:27:56.205Z
533535,,2024-09-17T17:55:09.092Z
533535,6.0,2024-11-27T20:51:15.153Z
533535,6.0,2024-12-19T21:45:53.288Z
533535,8.0,2024-12-26T10:03:01.928Z
933260,8.0,2024-09-20T12:07:43.615Z
933260,,2024-09-23T05:45:12.879Z
933260,10.0,2024-09-26T10:51:28.161Z
933260,4.0,2024-09-28T04:58:03.527Z
933260,7.0,2024-09-28T06:20:45.132Z
933260,9.0,2024-10-10T22:58:49.032Z
933260,9.0,2024-11-08T22:51:53.668Z
933260,9.0,2024-11-15T20:31:22.188Z
933260,7.0,2024-12-05T07:30:01.455Z
933260,2.0,2024-12-14T16:21:16.671Z
933260,1.0,2024-12-31T18:49:47.000Z
933260,,2025-01-04T16:15:23.904Z
1022789,8.0,2024-06-06T10:47:54.037Z
1022789,,2024-06-12T19:12:26.637Z
1022789,6.0,2024-06-17T06:27:26.802Z
1022789,5.0,2024-06-18T21:57:04.460Z
1022789,,2024-06-19T19:10:15.534Z
1022789,7.0,2024-06-22T05:07:48.082Z
1022789,8.0,2024-07-09T14:21:50.441Z
1022789,,2024-07-20T06:54:49.787Z
1022789,,2024-11-01T05:44:04.684Z
1184918,7.0,2024-10-09T13:27:16.982Z
1184918,,2024-10-10T02:51:52.736Z
1184918,7.0,2024-10-20T16:54:44.216Z
1184918,9.0,2024-10-27T08:53:27.484Z
1184918,9.0,2024-11-03T15:20:55.176Z
1184918,9.0,2025-01-01T01:31:08.756Z
539972,4.0,2024-12-13T19:19:25.023Z
539972,6.0,2024-12-20T08:07:59.233Z
539972,6.0,2024-12-21T15:02:00.005Z
539972,,2025-01-15T01:48:53.181Z
539972,6.0,2025-01-28T22:52:25.210Z
539972,7.0,2025-01-30T04:24:03.938Z
539972,8.0,2025-05-24T17:26:25.398Z
1011985,6.0,2024-03-13T13:23:41.755Z
1011985,6.0,2024-03-29T08:44:08.063Z
1011985,2.0,2024-04-13T10:46:24.462Z
1011985,8.0,2024-04-18T04:20:21.298Z
1011985,6.0,2024-05-22T15:20:58.487Z
1011985,7.0,2025-02-11T21:05:06.533Z
558449,8.0,2024-11-14T08:50:23.907Z
558449,1.0,2024-11-14T18:19:09.990Z
558449,8.0,2024-11-15T10:44:36.828Z
558449,9.0,2024-11-15T19:15:28.384Z
558449,6.0,2024-11-16T08:14:36.854Z
558449,7.0,2024-11-19T17:32:10.445Z
558449,5.0,2024-11-20T01:01:33.492Z
558449,1.0,2024-11-24T21:45:19.306Z
558449,5.0,2024-11-26T00:18:06.993Z
558449,9.0,2024-11-27T23:38:44.141Z
558449,4.0,2024-12-14T01:29:59.468Z
558449,5.0,2024-12-29T01:09:01.956Z
558449,4.0,2025-01-04T12:27:48.204Z
945961,8.0,2024-08-16T18:24:55.893Z
945961,7.0,2024-08-20T08:47:06.469Z
945961,6.0,2024-08-21T00:53:05.907Z
945961,,2024-09-02T22:43:07.183Z
945961,7.0,2024-09-07T07:54:16.843Z
945961,7.0,2024-10-16T17:43:30.277Z
945961,10.0,2024-10-20T18:10:14.831Z
945961,5.0,2024-11-06T20:22:47.023Z
945961,8.0,2024-11-12T00:56:37.572Z
945961,6.0,2024-12-24T01:28:01.589Z
945961,7.0,2024-12-25T08:24:19.389Z
945961,4.0,2024-12-27T19:53:25.932Z
402431,2.0,2024-11-22T19:35:57.756Z
402431,10.0,2024-11-23T08:02:56.672Z
402431,7.0,2024-11-23T09:14:55.517Z
402431,10.0,2024-11-24T18:12:35.279Z
402431,8.0,2024-11-26T19:39:43.013Z
402431,,2024-11-28T07:35:14.126Z
402431,8.0,2024-12-02T18:30:33.558Z
402431,8.0,2024-12-31T20:13:20.305Z
402431,7.0,2025-01-09T00:08:35.751Z
845781,6.0,2024-11-10T06:23:14.120Z
845781,4.0,2024-11-14T08:59:04.133Z
845781,7.0,2024-11-22T00:57:04.040Z
845781,9.0,2024-12-16T23:20:17.237Z
845781,2.0,2024-12-21T11:48:01.022Z
573435,7.0,2024-06-07T07:23:27.615Z
573435,7.0,2024-06-27T22:43:26.052Z
573435,7.0,2024-07-09T14:29:25.423Z
573435,1.0,2024-07-09T21:07:14.248Z
573435,6.0,2024-07-16T00:33:39.467Z
573435,9.0,2024-07-17T00:31:41.603Z
573435,9.0,2024-07-23T03:22:26.129Z
573435,6.0,2024-10-26T12:44:03.249Z
1035048,6.0,2024-12-05T07:01:38.862Z
1034541,7.0,2024-10-14T05:01:31.886Z
1034541,7.0,2024-10-25T09:27:10.151Z
1034541,9.0,2024-11-15T20:39:03.752Z
1034541,6.0,2024-11-19T16:16:10.076Z
1034541,3.0,2024-12-27T20:13:01.121Z
693134,10.0,2024-02-22T21:00:01.602Z
693134,9.0,2024-03-01T20:44:30.916Z
693134,7.0,2024-03-02T07:51:57.297Z
693134,9.0,2024-03-04T20:10:01.698Z
693134,9.0,2024-03-05T08:04:34.097Z
693134,8.0,2024-03-23T16:48:11.995Z
693134,8.0,2024-04-02T17:45:23.230Z
693134,7.0,2024-04-05T07:35:52.565Z
693134,7.0,2024-04-10T00:35:34.524Z
693134,9.0,2024-05-13T21:19:56.103Z
693134,2.0,2024-06-14T05:20:00.015Z
693134,10.0,2024-07-09T14:54:46.698Z
693134,10.0,2024-08-18T14:52:14.443Z
693134,8.0,2024-09-03T02:14:40.925Z
693134,,2025-05-21T19:52:01.696Z
426063,7.0,2025-01-01T16:14:26.332Z
426063,7.0,2025-01-03T18:38:46.527Z
426063,,2025-01-04T22:46:12.605Z
426063,7.0,2025-01-09T09:15:18.370Z
426063,6.0,2025-01-18T16:12:30.067Z
426063,10.0,2025-01-24T03:31:24.411Z
426063,8.0,2025-01-25T15:14:17.085Z
426063,7.0,2025-01-26T18:39:56.650Z
426063,7.0,2025-01-31T20:05:53.524Z
426063,5.0,2025-03-07T20:30:33.541Z
426063,7.0,2025-03-10T20:38:35.841Z
426063,5.0,2025-04-20T21:07:07.692Z
823464,7.0,2024-03-28T18:01:31.827Z
823464,,2024-04-02T18:14:35.941Z
823464,6.0,2024-04-04T11:11:37.660Z
823464,5.0,2024-04-11T23:11:56.480Z
823464,7.0,2024-05-13T17:26:02.794Z
823464,6.0,2024-05-13T21:45:28.720Z
823464,3.0,2024-05-15T22:28:49.435Z
823464,6.0,2024-05-20T05:34:01.904Z
823464,6.0,2024-05-21T18:16:05.275Z
823464,7.0,2024-06-10T03:05:43.518Z
823464,4.0,2024-06-16T14:08:39.675Z
823464,6.0,2024-07-09T14:33:26.879Z
823464,4.0,2024-07-11T04:37:26.175Z
823464,8.0,2024-08-08T08:52:14.559Z
823464,1.0,2024-08-23T23:19:21.759Z
823464,8.0,2024-12-29T01:34:09.578Z
974576,6.0,2024-10-31T11:26:50.756Z
974576,9.0,2024-11-29T14:12:08.748Z
974576,8.0,2024-11-29T20:35:54.320Z
974576,7.0,2024-12-03T10:03:48.395Z
974576,9.0,2024-12-05T12:47:32.761Z
974576,1.0,2024-12-27T03:34:14.978Z
1097549,,2024-08-30T20:08:38.208Z
1097549,6.0,2025-01-11T11:13:53.910Z
1097549,5.0,2025-01-24T01:51:49.336Z
1097549,4.0,2025-01-27T13:43:51.298Z
1097549,2.0,2025-02-15T22:52:17.488Z
748783,6.0,2024-05-20T08:15:49.812Z
748783,3.0,2024-05-23T06:57:25.206Z
748783,7.0,2024-05-29T07:57:07.470Z
748783,7.0,2024-06-06T10:33:28.244Z
748783,7.0,2024-07-09T14:48:14.066Z
748783,7.0,2025-01-04T23:03:08.598Z
1100782,8.0,2024-10-16T13:34:30.359Z
1100782,,2024-10-18T18:26:21.847Z
1100782,,2024-11-23T22:06:44.925Z
1100782,8.0,2024-11-24T04:38:07.585Z
1100782,10.0,2024-11-25T09:14:11.828Z
1100782,7.0,2024-12-14T16:51:18.712Z
1100782,8.0,2025-01-01T16:10:24.643Z
698687,7.0,2024-10-16T11:21:45.169Z
698687,,2024-11-21T12:05:32.586Z
698687,8.0,2025-01-24T01:29:02.287Z
866398,6.0,2024-01-16T09:43:59.109Z
866398,,2024-01-21T07:16:38.071Z
866398,6.0,2024-01-30T23:30:29.757Z
866398,3.0,2024-02-01T04:50:07.730Z
866398,8.0,2024-02-01T23:39:19.681Z
866398,9.0,2024-02-14T12:53:32.184Z
866398,,2024-03-19T19:52:39.875Z
866398,10.0,2024-06-15T15:13:35.687Z
786892,,2024-05-24T04:47:53.337Z
786892,7.0,2024-05-24T21:30:58.691Z
786892,7.0,2024-05-28T07:37:14.296Z
786892,6.0,2024-05-30T04:24:18.329Z
786892,8.0,2024-05-31T19:26:28.996Z
786892,,2024-06-18T07:08:41.896Z
786892,8.0,2024-06-24T18:46:05.207Z
786892,5.0,2024-07-09T14:26:32.478Z
786892,,2024-07-11T05:17:08.192Z
786892,5.0,2024-07-17T00:27:33.217Z
786892,6.0,2024-08-10T05:13:13.606Z
786892,8.0,2024-10-20T04:23:54.285Z
786892,9.0,2024-10-27T16:18:00.166Z
786892,6.0,2024-12-28T02:52:32.420Z
1064028,6.0,2024-12-14T16:29:37.316Z
1064028,,2024-12-17T23:38:40.064Z
1064028,5.0,2024-12-23T03:47:38.858Z
1064028,3.0,2025-03-21T19:50:34.465Z
1064028,4.0,2025-04-14T19:22:26.425Z
653346,7.0,2024-05-09T08:51:03.366Z
653346,7.0,2024-05-11T09:59:43.930Z
653346,6.0,2024-05-17T19:55:53.723Z
653346,6.0,2024-06-04T09:07:56.318Z
653346,8.0,2024-06-06T10:38:32.464Z
653346,6.0,2024-07-03T22:52:20.101Z
653346,7.0,2024-07-09T14:32:02.605Z
653346,6.0,2024-07-11T12:28:11.718Z
653346,5.0,2024-07-17T20:10:40.555Z
653346,8.0,2025-01-01T03:22:36.075Z
1138194,7.0,2024-11-03T20:21:48.556Z
1138194,7.0,2024-11-04T11:26:51.053Z
1138194,,2024-11-04T13:26:51.888Z
1138194,2.0,2024-11-09T15:04:27.460Z
1138194,5.0,2024-11-19T22:35:07.797Z
549509,8.0,2025-01-11T00:33:53.717Z
549509,7.0,2025-01-29T11:21:13.143Z
549509,8.0,2025-02-22T14:19:38.302Z
549509,7.0,2025-02-25T16:38:43.927Z
549509,10.0,2025-03-04T20:07:21.836Z
929590,8.0,2024-04-11T08:02:56.247Z
929590,9.0,2024-04-12T17:27:10.680Z
929590,6.0,2024-04-13T08:43:24.818Z
929590,8.0,2024-04-14T17:07:12.331Z
929590,7.0,2024-04-29T22:44:14.979Z
929590,6.0,2024-05-23T21:43:18.032Z
929590,7.0,2024-06-07T09:23:33.057Z
929590,,2024-06-10T12:33:41.992Z
929590,7.0,2024-07-02T01:43:08.681Z
929590,7.0,2024-07-09T14:37:16.683Z
929590,3.0,2024-10-26T17:02:31.965Z
929590,9.0,2025-02-09T02:22:46.372Z
762441,6.0,2024-06-28T15:40:36.298Z
762441,8.0,2024-06-29T04:42:20.629Z
762441,4.0,2024-06-30T23:31:59.854Z
762441,8.0,2024-07-01T12:09:42.441Z
762441,5.0,2024-07-02T21:28:52.847Z
762441,6.0,2024-07-05T17:11:20.684Z
762441,7.0,2024-07-09T14:30:34.927Z
762441,7.0,2024-09-02T20:44:15.370Z
762441,8.0,2024-12-23T01:39:27.336Z
843527,4.0,2024-05-03T18:27:12.863Z
843527,,2024-05-05T21:51:44.449Z
843527,,2024-05-11T05:47:58.065Z
843527,,2024-05-11T08:08:55.844Z
843527,7.0,2024-07-09T15:43:10.814Z
1100099,8.0,2024-11-17T20:23:26.262Z
1100099,7.0,2024-12-11T07:40:20.132Z
1100099,7.0,2025-01-01T16:11:48.264Z
1100099,10.0,2025-01-10T19:35:06.252Z
799583,1.0,2024-05-10T21:58:09.640Z
799583,6.0,2024-07-09T15:23:59.346Z
799583,9.0,2025-01-01T07:54:36.064Z
799583,6.0,2025-03-03T19:06:56.164Z
639720,8.0,2024-05-15T16:21:50.031Z
639720,7.0,2024-05-20T08:30:36.811Z
639720,7.0,2024-06-06T10:28:07.190Z
639720,5.0,2024-06-21T08:07:49.357Z
639720,2.0,2024-07-09T14:44:47.058Z
639720,7.0,2024-08-19T11:15:30.857Z
639720,6.0,2025-01-02T01:07:42.560Z
957452,6.0,2024-08-29T07:30:40.056Z
957452,5.0,2024-09-05T23:56:59.655Z
957452,2.0,2024-09-14T00:16:32.593Z
746036,8.0,2024-04-23T11:51:47.036Z
746036,8.0,2024-05-03T19:31:11.032Z
746036,7.0,2024-05-07T07:26:23.569Z
746036,,2024-05-24T15:40:37.972Z
746036,4.0,2024-05-30T10:59:07.732Z
746036,,2024-06-06T10:17:11.723Z
746036,8.0,2024-07-09T14:51:04.156Z
746036,4.0,2024-07-25T15:35:24.524Z
746036,7.0,2024-09-01T15:13:41.438Z
365177,7.0,2024-08-08T22:53:52.192Z
365177,5.0,2024-08-09T21:21:28.347Z
365177,6.0,2024-08-10T18:04:08.907Z
365177,1.0,2024-08-12T02:09:29.122Z
365177,1.0,2024-08-26T21:08:36.856Z
365177,3.0,2024-09-02T04:51:43.755Z
365177,,2024-09-24T22:37:39.977Z
937287,8.0,2024-04-25T13:34:27.296Z
937287,9.0,2024-04-26T21:21:28.462Z
937287,7.0,2024-04-30T09:22:22.718Z
937287,9.0,2024-05-01T15:41:29.153Z
937287,3.0,2024-06-10T19:38:05.056Z
937287,7.0,2024-07-09T15:29:08.433Z
937287,,2024-10-22T18:07:24.136Z
889737,6.0,2024-10-05T05:01:49.754Z
889737,1.0,2024-10-05T22:36:20.944Z
889737,4.0,2024-10-05T23:31:03.814Z
889737,5.0,2024-10-06T01:53:04.298Z
889737,5.0,2024-10-13T20:42:17.636Z
889737,9.0,2024-10-18T01:14:47.727Z
889737,6.0,2024-10-29T18:22:31.545Z
889737,5.0,2024-12-10T02:22:28.702Z
889737,5.0,2024-12-30T02:02:30.471Z
889737,6.0,2025-03-22T09:03:38.196Z
917496,6.0,2024-09-05T14:37:54.937Z
917496,8.0,2024-09-07T02:08:07.646Z
917496,6.0,2024-09-07T23:16:19.617Z
917496,10.0,2024-09-08T14:03:33.407Z
917496,6.0,2024-09-10T05:26:23.099Z
917496,7.0,2024-09-12T22:39:51.138Z
917496,6.0,2024-09-23T13:54:11.073Z
917496,8.0,2024-12-25T03:52:40.518Z
718821,6.0,2024-07-10T21:03:02.572Z
718821,7.0,2024-07-18T22:57:33.842Z
718821,6.0,2024-07-21T21:54:48.997Z
718821,6.0,2024-07-22T06:22:52.007Z
718821,10.0,2024-08-01T01:33:31.302Z
718821,5.0,2024-08-08T22:52:11.069Z
718821,4.0,2024-08-14T02:21:06.309Z
718821,6.0,2024-09-09T21:46:28.288Z
718821,7.0,2024-09-22T17:20:11.357Z
661539,7.0,2025-01-21T06:48:40.934Z
661539,6.0,2025-01-28T07:03:36.190Z
661539,8.0,2025-01-31T01:22:59.877Z
661539,,2025-04-04T07:10:34.532Z
661539,1.0,2025-05-26T05:56:12.717Z
840705,7.0,2024-08-24T13:10:44.123Z
840705,6.0,2024-08-29T08:23:35.264Z
840705,9.0,2024-08-29T22:58:24.734Z
840705,,2024-09-02T06:45:18.990Z
840705,8.0,2024-09-02T19:06:14.482Z
840705,9.0,2024-09-23T13:57:19.912Z
840705,8.0,2024-11-15T20:42:52.606Z
1111873,7.0,2024-04-25T07:07:36.064Z
1111873,6.0,2024-05-10T04:11:04.596Z
1111873,10.0,2024-05-16T23:40:01.313Z
1111873,6.0,2024-07-09T15:27:01.905Z
1111873,7.0,2024-07-15T14:56:58.466Z
1111873,7.0,2024-07-17T00:25:26.071Z
1111873,7.0,2024-09-02T20:52:22.379Z
1111873,9.0,2024-09-07T18:32:20.548Z
1111873,6.0,2024-11-16T09:44:04.671Z
948549,3.0,2024-05-01T15:43:42.608Z
948549,6.0,2024-05-04T10:28:30.198Z
948549,10.0,2024-07-17T00:24:51.723Z
1114513,9.0,2024-09-13T18:23:08.486Z
1114513,6.0,2024-09-15T07:37:42.738Z
1114513,7.0,2024-09-16T07:41:16.812Z
1114513,6.0,2024-09-26T10:48:06.042Z
1114513,6.0,2024-10-15T09:40:33.826Z
1114513,7.0,2024-12-04T02:28:37.453Z
1013850,7.0,2024-11-16T05:57:22.622Z
1013850,7.0,2024-11-20T01:41:59.527Z
1013850,8.0,2025-01-03T01:03:21.840Z
1013850,7.0,2025-01-09T08:35:09.753Z
1013850,7.0,2025-01-09T23:42:31.315Z
938614,7.0,2024-03-26T12:48:39.472Z
938614,6.0,2024-03-27T11:01:09.408Z
938614,8.0,2024-04-23T09:11:50.417Z
938614,8.0,2024-04-27T01:17:25.343Z
969492,6.0,2024-02-16T20:17:20.013Z
969492,6.0,2024-02-17T13:59:05.105Z
969492,5.0,2024-02-17T22:42:58.313Z
969492,5.0,2024-03-14T01:50:30.050Z
969492,7.0,2024-04-02T19:11:10.434Z
1226578,7.0,2024-07-19T17:11:26.401Z
1226578,7.0,2024-07-23T11:45:44.092Z
1226578,7.0,2024-08-24T21:43:26.335Z
1226578,8.0,2024-08-25T12:45:42.148Z
1226578,7.0,2024-09-01T17:17:47.906Z
1226578,5.0,2024-09-01T21:06:39.844Z
1226578,,2025-01-12T22:38:26.717Z
1226578,8.0,2025-01-16T02:17:34.159Z
1106739,7.0,2024-11-03T19:39:14.411Z
1106739,8.0,2024-11-08T01:47:52.940Z
1106739,10.0,2024-12-31T01:45:59.814Z
1106739,7.0,2025-01-01T16:12:25.528Z
1106739,6.0,2025-03-09T02:11:26.302Z
634492,5.0,2024-02-15T10:07:26.665Z
634492,8.0,2024-02-16T20:31:52.159Z
634492,3.0,2024-03-16T02:49:47.921Z
634492,,2024-03-16T19:34:22.363Z
634492,4.0,2024-04-28T04:33:37.162Z
634492,,2024-05-05T22:00:58.831Z
634492,1.0,2024-05-25T00:53:33.070Z
634492,10.0,2024-06-11T20:15:29.468Z
634492,1.0,2024-07-09T16:42:08.410Z
763215,6.5,2024-03-09T03:03:52.465Z
763215,6.0,2024-03-10T05:49:18.350Z
763215,6.0,2024-03-12T15:08:37.951Z
763215,8.0,2024-03-12T20:59:22.354Z
763215,4.0,2024-03-15T16:30:07.192Z
763215,5.0,2024-04-06T23:29:45.004Z
763215,4.0,2024-04-28T22:58:41.743Z
763215,2.0,2024-04-30T07:10:19.245Z
763215,8.0,2024-06-15T16:53:58.219Z
437342,6.0,2024-04-05T14:02:04.999Z
437342,6.0,2024-04-10T13:41:10.201Z
437342,6.0,2024-06-04T21:32:59.090Z
437342,,2024-06-11T08:41:15.051Z
437342,6.0,2024-06-22T14:57:21.834Z
437342,6.0,2024-07-08T11:09:09.630Z
437342,6.0,2024-07-08T11:12:32.156Z
437342,2.0,2024-07-09T15:00:51.382Z
437342,1.0,2024-08-11T00:20:23.908Z
437342,1.0,2024-10-14T22:41:17.527Z
437342,7.0,2024-12-26T01:32:55.985Z
719221,5.0,2024-05-10T07:45:24.155Z
719221,4.0,2024-05-29T01:27:25.848Z
719221,5.0,2024-05-30T04:38:47.791Z
719221,,2024-05-30T23:01:10.619Z
719221,7.0,2024-06-06T10:41:19.197Z
719221,1.0,2024-07-09T14:46:16.342Z
719221,4.0,2024-07-21T05:55:07.627Z
974635,8.0,2023-09-05T22:54:29.734Z
974635,7.0,2024-05-29T09:10:02.846Z
974635,9.0,2024-06-08T11:26:23.064Z
974635,6.0,2024-06-13T08:24:16.702Z
974635,3.0,2024-07-17T00:28:02.523Z
974635,7.0,2025-01-05T22:01:46.268Z
592831,4.0,2024-09-27T18:12:42.347Z
592831,5.0,2024-09-28T23:39:10.944Z
592831,6.0,2024-09-29T06:59:29.195Z
592831,8.0,2024-10-02T18:10:51.720Z
1032823,2.0,2024-08-08T23:58:11.910Z
1032823,6.0,2024-08-09T17:30:35.817Z
1032823,6.0,2024-08-13T08:06:31.285Z
1032823,,2024-08-13T13:06:48.854Z
1032823,7.0,2024-08-26T18:42:52.748Z
1032823,1.0,2024-08-31T23:08:26.230Z
1032823,7.0,2024-09-01T21:01:02.870Z
1032823,4.0,2024-09-05T00:13:09.263Z
1032823,6.0,2024-09-05T00:28:32.675Z
1032823,6.0,2024-09-05T21:47:50.477Z
1032823,3.0,2024-09-07T11:17:01.733Z
1032823,9.0,2024-11-30T18:03:05.683Z
1032823,7.0,2024-12-14T16:23:09.794Z
1079091,6.0,2024-08-09T14:12:58.945Z
1079091,6.0,2024-08-15T08:41:46.434Z
1079091,8.0,2024-08-15T22:43:47.916Z
1079091,,2024-09-25T14:16:27.917Z
1079091,,2024-11-09T09:06:41.189Z
967847,6.0,2024-03-28T09:11:09.600Z
967847,6.0,2024-03-29T20:17:01.168Z
967847,6.0,2024-04-02T03:12:49.037Z
967847,6.0,2024-07-09T15:44:28.591Z
1023922,8.0,2024-07-09T15:09:40.550Z
1023922,6.0,2024-07-10T11:36:16.733Z
1023922,8.0,2024-07-15T15:09:55.628Z
1023922,6.0,2024-07-17T17:08:36.777Z
1023922,5.0,2024-08-19T15:56:13.420Z
1023922,5.0,2024-09-02T20:33:55.617Z
1023922,8.0,2024-11-19T12:26:03.983Z
1023922,7.0,2025-04-09T01:21:14.947Z
848538,8.0,2024-01-31T17:01:02.175Z
848538,7.0,2024-02-02T11:22:32.146Z
848538,5.0,2024-02-04T02:30:50.637Z
848538,4.0,2024-02-06T01:50:32.925Z
848538,5.0,2024-02-22T23:43:31.275Z
848538,4.0,2024-03-11T18:32:44.235Z
848538,4.0,2024-03-14T02:46:41.042Z
848538,3.0,2024-03-24T20:50:13.711Z
956842,7.0,2024-07-05T06:42:04.425Z
956842,5.0,2024-07-12T18:21:36.046Z
956842,5.0,2024-07-17T17:10:20.740Z
1086747,5.0,2024-06-07T17:20:45.855Z
1086747,6.0,2024-06-14T10:09:59.750Z
1086747,4.0,2024-07-09T14:41:07.255Z
1086747,5.0,2024-08-31T05:09:05.905Z
1086747,8.0,2024-08-31T15:56:46.533Z
560016,9.0,2024-04-05T17:45:58.624Z
560016,7.0,2024-04-08T12:11:21.472Z
560016,6.0,2024-04-10T14:04:04.157Z
560016,3.0,2024-04-24T00:06:33.596Z
560016,7.0,2024-04-28T12:12:31.739Z
560016,8.0,2024-07-09T15:57:21.014Z
560016,8.0,2024-07-17T00:26:29.925Z
560016,6.0,2024-07-28T21:45:05.181Z
560016,9.0,2024-12-09T05:43:49.347Z
1041613,6.0,2024-03-28T09:23:58.020Z
1041613,7.0,2024-04-18T23:31:02.641Z
1041613,5.0,2024-05-19T15:11:03.304Z
1041613,5.0,2024-11-18T14:34:11.366Z
1026436,10.0,2024-02-01T05:23:04.595Z
1026436,7.0,2024-09-12T00:13:53.794Z
802219,7.0,2024-02-14T17:47:56.013Z
802219,6.0,2024-02-16T06:46:23.854Z
802219,5.0,2024-02-16T20:15:07.640Z
802219,5.0,2024-04-29T08:10:58.471Z
1008409,6.0,2024-06-26T16:39:39.151Z
1008409,8.0,2024-07-04T22:53:12.494Z
1008409,6.0,2024-07-09T15:04:28.103Z
1008409,7.0,2024-07-12T03:06:09.307Z
1008409,8.0,2024-07-17T17:09:52.539Z
1008409,1.0,2025-03-28T09:40:56.577Z
1029955,6.0,2024-07-02T09:51:07.621Z
1029955,7.0,2024-07-05T23:49:00.596Z
1029955,2.0,2024-07-09T15:07:16.689Z
1029955,9.0,2024-07-12T17:57:12.582Z
1029955,7.0,2024-07-17T17:06:51.760Z
1029955,3.0,2024-09-02T02:52:31.152Z
1029955,,2024-11-13T11:24:38.067Z
1072342,,2024-01-05T00:43:59.378Z
1072342,3.0,2024-01-07T18:57:34.390Z
1072342,6.0,2024-01-11T07:59:53.660Z
1072342,7.0,2024-01-19T00:02:13.817Z
1072342,7.0,2024-01-25T04:11:31.951Z
